     shots,    errors,  discards, seconds,decoder,strong_id,json_metadata,custom_counts
   7995885,     94709,         0,    1.00,chromobius,af36d35ccbe0e5837ccccbde00140466e0f1becf556f561eb60b2e1da82c1918,"{""c"":""midout_color_code_X"",""d"":3,""noise"":""uniform"",""p"":0.0001,""q"":9,""r"":12}","{""detection_events"":898089}"
   4529752,    106136,         0,    1.00,chromobius,5d6e70e95a38c9fd54f242b8f4c560de4acdb8b240dd5603576c4a070081a121,"{""c"":""midout_color_code_X"",""d"":3,""noise"":""uniform"",""p"":0.0002,""q"":9,""r"":12}","{""detection_events"":1015781}"
   3231013,    112601,         0,    1.00,chromobius,696dfa9a175eb1493f0b74d9d6b85731bacc82ad9dd5f024882cbffdaa821f9b,"{""c"":""midout_color_code_X"",""d"":3,""noise"":""uniform"",""p"":0.0003,""q"":9,""r"":12}","{""detection_events"":1084999}"
   2012061,    113866,         0,    1.00,chromobius,e9f0f33a439dcd2b53a6f83726e8b4a43d68dc6ff7c58319f8ece54e1374a476,"{""c"":""midout_color_code_X"",""d"":3,""noise"":""uniform"",""p"":0.0005,""q"":9,""r"":12}","{""detection_events"":1121147}"
   1427997,    110781,         0,    1.00,chromobius,693561707dc8983e9efd58bfe211f571225893675d49ec3907a72b4febd047b0,"{""c"":""midout_color_code_X"",""d"":3,""noise"":""uniform"",""p"":0.0007,""q"":9,""r"":12}","{""detection_events"":1108553}"
   1011219,    108764,         0,    1.00,chromobius,5941daa39769602f58e8a5a26db1483c02f9f0eb60657e92dfc6a04a5f7bca1c,"{""c"":""midout_color_code_X"",""d"":3,""noise"":""uniform"",""p"":0.001,""q"":9,""r"":12}","{""detection_events"":1116497}"
    508437,     98393,         0,    1.00,chromobius,9dac657bb25516d2de894296a8ae0ebed72ed270d5c3201aec39c532d379902f,"{""c"":""midout_color_code_X"",""d"":3,""noise"":""uniform"",""p"":0.002,""q"":9,""r"":12}","{""detection_events"":1093797}"
    346643,     90492,         0,    1.00,chromobius,9bac7b9b0eda977c9fe796c5d4c24a7e02989572e16ee37942a6d551e920f147,"{""c"":""midout_color_code_X"",""d"":3,""noise"":""uniform"",""p"":0.003,""q"":9,""r"":12}","{""detection_events"":1087980}"
    210224,     75952,         0,    1.00,chromobius,38461602ef05b83e72d1b72885adc03c933cbe7398f60e4f8d231e390ee3ee70,"{""c"":""midout_color_code_X"",""d"":3,""noise"":""uniform"",""p"":0.005,""q"":9,""r"":12}","{""detection_events"":1047855}"
    153197,     63975,         0,    1.00,chromobius,53617749c1c839b22e1885431076f0ce528eceea27167918ef58e4aa49af3194,"{""c"":""midout_color_code_X"",""d"":3,""noise"":""uniform"",""p"":0.007,""q"":9,""r"":12}","{""detection_events"":1022101}"
    107381,     49928,         0,    1.00,chromobius,d6334bf471a995dffe4cecbe2ce3fe4f501fd212030c1c2b15fa6cd275728781,"{""c"":""midout_color_code_X"",""d"":3,""noise"":""uniform"",""p"":0.01,""q"":9,""r"":12}","{""detection_events"":957569}"
    970235,       247,         0,    1.00,chromobius,be5f4c62c5875c6a2d328d8a9f4cdc0aab77e8bc6378576ce92086c69038c56e,"{""c"":""midout_color_code_X"",""d"":5,""noise"":""uniform"",""p"":0.0001,""q"":23,""r"":20}","{""detection_events"":589907}"
    503948,       520,         0,    1.00,chromobius,099019e5ead9ff279160d781bd385aa023e4a75e78e97c5593c3f94abfc1af30,"{""c"":""midout_color_code_X"",""d"":5,""noise"":""uniform"",""p"":0.0002,""q"":23,""r"":20}","{""detection_events"":609607}"
    329811,       770,         0,    1.00,chromobius,79a18889c43c971dce2d0133b36ea001daf151825510f320e9517f9d7b1bab09,"{""c"":""midout_color_code_X"",""d"":5,""noise"":""uniform"",""p"":0.0003,""q"":23,""r"":20}","{""detection_events"":597646}"
    195326,      1238,         0,    1.00,chromobius,ab1e15c14892bfb374ff97b15ff8647bd2507df3aa5116d63402765ca44c7435,"{""c"":""midout_color_code_X"",""d"":5,""noise"":""uniform"",""p"":0.0005,""q"":23,""r"":20}","{""detection_events"":588111}"
    138992,      1719,         0,    1.00,chromobius,b024405c77f6c81714df8e1c0c407ddd87b69b335a87c8b23e96ef29351d4433,"{""c"":""midout_color_code_X"",""d"":5,""noise"":""uniform"",""p"":0.0007,""q"":23,""r"":20}","{""detection_events"":580219}"
     96340,      2316,         0,    1.00,chromobius,e79f1016bc2e92f8ab2276b1931c4c5aaad31c52443d5db3750293f3a5105bf1,"{""c"":""midout_color_code_X"",""d"":5,""noise"":""uniform"",""p"":0.001,""q"":23,""r"":20}","{""detection_events"":571454}"
     46148,      3983,         0,    1.00,chromobius,cd832936d53fe50d8bdcf04344b731768ef2be1358133d7a534a25001212d24f,"{""c"":""midout_color_code_X"",""d"":5,""noise"":""uniform"",""p"":0.002,""q"":23,""r"":20}","{""detection_events"":532431}"
     29838,      5119,         0,    1.00,chromobius,bcc5a04c61b5ebcd5d80923a46a0024d894dcc7b9633062eaa4f9c6c4e68f9ae,"{""c"":""midout_color_code_X"",""d"":5,""noise"":""uniform"",""p"":0.003,""q"":23,""r"":20}","{""detection_events"":503445}"
     17176,      5568,         0,    1.01,chromobius,5179e3ae74bfeeef8b848db4584dff4a6a716fe287c16c79c52fb7a6f4ea5277,"{""c"":""midout_color_code_X"",""d"":5,""noise"":""uniform"",""p"":0.005,""q"":23,""r"":20}","{""detection_events"":455312}"
     12307,      5133,         0,    1.00,chromobius,69ddb3bbb41b36853279cf810bd2a77055d7f25b34593da9b18f676df632a9c3,"{""c"":""midout_color_code_X"",""d"":5,""noise"":""uniform"",""p"":0.007,""q"":23,""r"":20}","{""detection_events"":434851}"
      8542,      4148,         0,    1.00,chromobius,8821209dc9286890dcc5d74fd42f816399a53bf329ca0553848aebd396fee483,"{""c"":""midout_color_code_X"",""d"":5,""noise"":""uniform"",""p"":0.01,""q"":23,""r"":20}","{""detection_events"":398350}"
    355184,        62,         0,    1.00,chromobius,c8e8fa7abb7d900d3bdb74d2d33b79621693bdcbc63085b2caab4dc7c17a995e,"{""c"":""midout_color_code_X"",""d"":7,""noise"":""uniform"",""p"":0.0001,""q"":43,""r"":28}","{""detection_events"":599387}"
    175078,        99,         0,    1.00,chromobius,66bf1c5e6b6b87fff6271ef17741abd6a51271437dd33b48766d00f7cb6847dc,"{""c"":""midout_color_code_X"",""d"":7,""noise"":""uniform"",""p"":0.0002,""q"":43,""r"":28}","{""detection_events"":589632}"
    116758,       136,         0,    1.00,chromobius,3acf3862a9a22522af398cdecbc789d21936c66d4ff5d343b7c4c4d4c3545acf,"{""c"":""midout_color_code_X"",""d"":7,""noise"":""uniform"",""p"":0.0003,""q"":43,""r"":28}","{""detection_events"":587524}"
     69426,       249,         0,    1.00,chromobius,3a56bbfd4d35f1e93cc30825a540152cca408404e6a5e7162d7352d915beea2e,"{""c"":""midout_color_code_X"",""d"":7,""noise"":""uniform"",""p"":0.0005,""q"":43,""r"":28}","{""detection_events"":580572}"
     48912,       389,         0,    1.00,chromobius,b376e4432a0f87699222448ef583731c6cdc270e684c385643db9854b3180750,"{""c"":""midout_color_code_X"",""d"":7,""noise"":""uniform"",""p"":0.0007,""q"":43,""r"":28}","{""detection_events"":568617}"
     33124,       588,         0,    1.00,chromobius,de6bb0caa40e381edf526c9a058224baffee4dac64056f0ef4b8ef980cb9846d,"{""c"":""midout_color_code_X"",""d"":7,""noise"":""uniform"",""p"":0.001,""q"":43,""r"":28}","{""detection_events"":545629}"
     15548,      1193,         0,    1.02,chromobius,3e05c1ade98764c62bd0dc5233d5ad2258c267ebd5f585d8f21dc56d83cbdf24,"{""c"":""midout_color_code_X"",""d"":7,""noise"":""uniform"",""p"":0.002,""q"":43,""r"":28}","{""detection_events"":495318}"
      9848,      1686,         0,    1.02,chromobius,1fee345526867e79c8c57234d4b56406143cec1dbb93205c7a6c7c990b2617d5,"{""c"":""midout_color_code_X"",""d"":7,""noise"":""uniform"",""p"":0.003,""q"":43,""r"":28}","{""detection_events"":460973}"
      5474,      1998,         0,    1.02,chromobius,1768676ec211bae4240436470d4af097c4eea93d62f04c071f8e2ede0997d93c,"{""c"":""midout_color_code_X"",""d"":7,""noise"":""uniform"",""p"":0.005,""q"":43,""r"":28}","{""detection_events"":401878}"
      3962,      1841,         0,    1.07,chromobius,87a64f235f6323a8e02d90067b432fef0cbcf6a6bd726cd069236e50eee57e31,"{""c"":""midout_color_code_X"",""d"":7,""noise"":""uniform"",""p"":0.007,""q"":43,""r"":28}","{""detection_events"":383982}"
      2800,      1387,         0,    1.14,chromobius,6351d32ce60f9b6b6102bd69a7dc06870c38800e6cebdeba5f9b32e05089ec97,"{""c"":""midout_color_code_X"",""d"":7,""noise"":""uniform"",""p"":0.01,""q"":43,""r"":28}","{""detection_events"":358208}"
    155231,         1,         0,    1.00,chromobius,45d76a3020abee42e7832378e366501719f5e5447e67971f65e791970acceb67,"{""c"":""midout_color_code_X"",""d"":9,""noise"":""uniform"",""p"":0.0001,""q"":69,""r"":36}","{""detection_events"":569187}"
     77285,         1,         0,    1.01,chromobius,231a2de2a7f098c3999800a2bb6675506b9facb904f8430601905fbbea4ecc4f,"{""c"":""midout_color_code_X"",""d"":9,""noise"":""uniform"",""p"":0.0002,""q"":69,""r"":36}","{""detection_events"":565424}"
     52404,         6,         0,    1.01,chromobius,d4c9182f7abf431d80e0e903a18f1fb84f308e729b38e7de4c62c539d4655008,"{""c"":""midout_color_code_X"",""d"":9,""noise"":""uniform"",""p"":0.0003,""q"":69,""r"":36}","{""detection_events"":573238}"
     30508,        22,         0,    1.00,chromobius,7b2ca34cce2d44207fb296a521a56fd1b86a9b41ebaae792c37168773cfa473f,"{""c"":""midout_color_code_X"",""d"":9,""noise"":""uniform"",""p"":0.0005,""q"":69,""r"":36}","{""detection_events"":550900}"
     21233,        52,         0,    1.00,chromobius,a91586645a16bc68fb0d0b39ee797edbfbc0ce6b6670838cd3ee9f760c3aa533,"{""c"":""midout_color_code_X"",""d"":9,""noise"":""uniform"",""p"":0.0007,""q"":69,""r"":36}","{""detection_events"":534913}"
     14847,        89,         0,    1.02,chromobius,f51768c7fd344fd83aa79dbbcf54d27fe07eef29fae0636154308ee6c2fe54e5,"{""c"":""midout_color_code_X"",""d"":9,""noise"":""uniform"",""p"":0.001,""q"":69,""r"":36}","{""detection_events"":528001}"
      6866,       283,         0,    1.04,chromobius,4f263dd6a6767124ceec72f251b19490310c7c5b47323bc27efd646023dd06df,"{""c"":""midout_color_code_X"",""d"":9,""noise"":""uniform"",""p"":0.002,""q"":69,""r"":36}","{""detection_events"":475146}"
      4096,       559,         0,    1.00,chromobius,34130a250f2c440b4cc06c9018a816a247814535522a75a55aa5eaa6358f776f,"{""c"":""midout_color_code_X"",""d"":9,""noise"":""uniform"",""p"":0.003,""q"":69,""r"":36}","{""detection_events"":412392}"
      2424,       912,         0,    1.11,chromobius,87e78f9c11a029320907b8b8e83a7a66331c661bbd37156ff9bd069fdde19537,"{""c"":""midout_color_code_X"",""d"":9,""noise"":""uniform"",""p"":0.005,""q"":69,""r"":36}","{""detection_events"":383980}"
      1507,       758,         0,    1.06,chromobius,8c08afb808b6ce0ea14704e7524b1b3176cbac39315e96086563cc5acd1162ea,"{""c"":""midout_color_code_X"",""d"":9,""noise"":""uniform"",""p"":0.007,""q"":69,""r"":36}","{""detection_events"":314815}"
       974,       492,         0,    1.11,chromobius,f1321fa54edfc3a5e747feb34765a93ba0e505d6c12b5ccd9f253cc2765515d0,"{""c"":""midout_color_code_X"",""d"":9,""noise"":""uniform"",""p"":0.01,""q"":69,""r"":36}","{""detection_events"":268029}"
     81417,         0,         0,    1.00,chromobius,dca5c011ec73000ac7d840843c4fd7c8b9c675e39c78b25db7cfe222584c1925,"{""c"":""midout_color_code_X"",""d"":11,""noise"":""uniform"",""p"":0.0001,""q"":101,""r"":44}","{""detection_events"":546293}"
     41201,         0,         0,    1.00,chromobius,d325b52547943ceca3c34348b25e840185aefec627c7944e6358d87f2e749ab7,"{""c"":""midout_color_code_X"",""d"":11,""noise"":""uniform"",""p"":0.0002,""q"":101,""r"":44}","{""detection_events"":551247}"
     27565,         1,         0,    1.00,chromobius,7d09400c6bb8fa0b634a14a670e184167109dc7a8eb8c5a90d0649616646301c,"{""c"":""midout_color_code_X"",""d"":11,""noise"":""uniform"",""p"":0.0003,""q"":101,""r"":44}","{""detection_events"":552040}"
     16384,         2,         0,    1.01,chromobius,488f1504bafc5660816674fde088d8f1892d3e505fc8eccc5f2c1b40de88c0d0,"{""c"":""midout_color_code_X"",""d"":11,""noise"":""uniform"",""p"":0.0005,""q"":101,""r"":44}","{""detection_events"":542618}"
     11646,         8,         0,    1.03,chromobius,77ac6ffd84a8f1c9bce95058042d915a3941aa74b8801f15ca89b008756ae4c8,"{""c"":""midout_color_code_X"",""d"":11,""noise"":""uniform"",""p"":0.0007,""q"":101,""r"":44}","{""detection_events"":536689}"
      8041,        17,         0,    1.04,chromobius,c23de7d8cd984e0e112b317d419d6e2baceabd2000de0776e5c6401569a68606,"{""c"":""midout_color_code_X"",""d"":11,""noise"":""uniform"",""p"":0.001,""q"":101,""r"":44}","{""detection_events"":524054}"
      3876,       107,         0,    1.15,chromobius,1b75708cc13672ba2c2339c91c0b694fadf79246de0e11d98854f21018fa17ea,"{""c"":""midout_color_code_X"",""d"":11,""noise"":""uniform"",""p"":0.002,""q"":101,""r"":44}","{""detection_events"":489611}"
      2183,       253,         0,    1.03,chromobius,67d3612fd43bff457b144bc41eb1882c26952c8f1431841d7ef2111cfcb74790,"{""c"":""midout_color_code_X"",""d"":11,""noise"":""uniform"",""p"":0.003,""q"":101,""r"":44}","{""detection_events"":402267}"
      1158,       444,         0,    1.07,chromobius,2ccbf642837d1cc2d3d4ce839d04956dcd5383ed4e6bf58346cdf3b54f8f08ae,"{""c"":""midout_color_code_X"",""d"":11,""noise"":""uniform"",""p"":0.005,""q"":101,""r"":44}","{""detection_events"":334337}"
       723,       347,         0,    1.08,chromobius,57fa33ad902a94df5d23c43db5c9bcbf9f27cca55564c43285dbcf22050c9399,"{""c"":""midout_color_code_X"",""d"":11,""noise"":""uniform"",""p"":0.007,""q"":101,""r"":44}","{""detection_events"":276463}"
       423,       200,         0,    1.11,chromobius,aec3bd99945c893459f8ea319ea52011a63968bcd2462372b6cf1350cacefd5a,"{""c"":""midout_color_code_X"",""d"":11,""noise"":""uniform"",""p"":0.01,""q"":101,""r"":44}","{""detection_events"":211640}"
     45703,         0,         0,    1.00,chromobius,7e7076905d611bccd7056159614ebcb16e43c02dd0983778d812490ed553db8d,"{""c"":""midout_color_code_X"",""d"":13,""noise"":""uniform"",""p"":0.0001,""q"":139,""r"":52}","{""detection_events"":506613}"
     24248,         0,         0,    1.00,chromobius,ed8b15f298e58f38232ea03b14c569670723218198956c9f78664ad330ce86be,"{""c"":""midout_color_code_X"",""d"":13,""noise"":""uniform"",""p"":0.0002,""q"":139,""r"":52}","{""detection_events"":538021}"
     16040,         0,         0,    1.03,chromobius,77b3fa04626a61ffa4fa0eeda0785d06e72060887f1e6136447d70224555ec28,"{""c"":""midout_color_code_X"",""d"":13,""noise"":""uniform"",""p"":0.0003,""q"":139,""r"":52}","{""detection_events"":531954}"
      9384,         0,         0,    1.01,chromobius,4c5090bf1b2717f6de24516c870915e4ac909e3357597ea801ef734868e45619,"{""c"":""midout_color_code_X"",""d"":13,""noise"":""uniform"",""p"":0.0005,""q"":139,""r"":52}","{""detection_events"":515854}"
      6952,         4,         0,    1.06,chromobius,3ac3ae0f04d3d26c732053a766dc4bcc014e10c349331e776a7a11cd849fb154,"{""c"":""midout_color_code_X"",""d"":13,""noise"":""uniform"",""p"":0.0007,""q"":139,""r"":52}","{""detection_events"":532178}"
      4463,         6,         0,    1.01,chromobius,00a4a22ecc0c749206ca4856645ab2a3eecb7a4c0b4d75e6cba4795c35147ee1,"{""c"":""midout_color_code_X"",""d"":13,""noise"":""uniform"",""p"":0.001,""q"":139,""r"":52}","{""detection_events"":483605}"
      2230,        34,         0,    1.08,chromobius,f4dca551fa8bdfa91ee676da958f5a3ce213aa13d413b7906a5019d742ce3bfe,"{""c"":""midout_color_code_X"",""d"":13,""noise"":""uniform"",""p"":0.002,""q"":139,""r"":52}","{""detection_events"":467900}"
      1339,       107,         0,    1.07,chromobius,334d4ffb5beb53e64f2f8d299d44e92542257e2ceccca749e075fbb5431c5c41,"{""c"":""midout_color_code_X"",""d"":13,""noise"":""uniform"",""p"":0.003,""q"":139,""r"":52}","{""detection_events"":407047}"
       630,       242,         0,    1.08,chromobius,fcaf7bb2f58166165f924192f490c6e7c00be12df46aaebce1441a83e66b3731,"{""c"":""midout_color_code_X"",""d"":13,""noise"":""uniform"",""p"":0.005,""q"":139,""r"":52}","{""detection_events"":300093}"
       339,       163,         0,    1.06,chromobius,9b074d6b7055d9df1177430c10484b58da5caac7d29c09bdc297d8dcee7d3c4a,"{""c"":""midout_color_code_X"",""d"":13,""noise"":""uniform"",""p"":0.007,""q"":139,""r"":52}","{""detection_events"":214861}"
       204,        92,         0,    1.14,chromobius,e529559b29078e13e73fcf8ef392592ca301d2dc82a53dbc22db6e9cc1f9a9be,"{""c"":""midout_color_code_X"",""d"":13,""noise"":""uniform"",""p"":0.01,""q"":139,""r"":52}","{""detection_events"":169541}"
  14717613,        87,         0,    1.00,chromobius,c1ca7568fa9d4a0e505009c369e9dc1e2a0af6bfc7354ac8298c94ceafbbdb3d,"{""c"":""phenom_color_code"",""d"":3,""noise"":""uniform"",""p"":0.0001,""q"":8,""r"":12}","{""detection_events"":494753}"
   9663742,       196,         0,    1.00,chromobius,182943fa6fb8378bffce82d77daf2929e02982f51cd2138943a9bd8e73d8e372,"{""c"":""phenom_color_code"",""d"":3,""noise"":""uniform"",""p"":0.0002,""q"":8,""r"":12}","{""detection_events"":647556}"
   7229440,       355,         0,    1.00,chromobius,e7982efc9caecb89c84e2ef852b4cd418f1a8334f28114f58c26026618ac7bb9,"{""c"":""phenom_color_code"",""d"":3,""noise"":""uniform"",""p"":0.0003,""q"":8,""r"":12}","{""detection_events"":729706}"
   4847586,       630,         0,    1.00,chromobius,5d4833f915f29c2b568c00ea008afff51b4566028395a3c5edeafdd904756132,"{""c"":""phenom_color_code"",""d"":3,""noise"":""uniform"",""p"":0.0005,""q"":8,""r"":12}","{""detection_events"":812446}"
   3610610,       894,         0,    1.00,chromobius,c25cce5ed8f0615c8debff44badf1456bd4da79b4515b3a05e3d218b6fa04ab5,"{""c"":""phenom_color_code"",""d"":3,""noise"":""uniform"",""p"":0.0007,""q"":8,""r"":12}","{""detection_events"":847455}"
   2635496,      1429,         0,    1.00,chromobius,e1dfea538e0438192772c30ca7563455ab870a8306bdee05b55e4af731cc467b,"{""c"":""phenom_color_code"",""d"":3,""noise"":""uniform"",""p"":0.001,""q"":8,""r"":12}","{""detection_events"":884223}"
   1354103,      2913,         0,    1.00,chromobius,875dfa0cab934fac2831e2fea32081108f36a2bf65e62bd3ba11a971d652b7cc,"{""c"":""phenom_color_code"",""d"":3,""noise"":""uniform"",""p"":0.002,""q"":8,""r"":12}","{""detection_events"":905525}"
    917089,      4276,         0,    1.00,chromobius,bd9d3004902813a3f321ad36b91d9d2ff6edc7098ef0f78fceddd0fbcd32f390,"{""c"":""phenom_color_code"",""d"":3,""noise"":""uniform"",""p"":0.003,""q"":8,""r"":12}","{""detection_events"":915754}"
    535394,      6732,         0,    1.00,chromobius,5c6825465ee1e76dfe78db2397500b2e9af088e31d209eb262a12e33007e1067,"{""c"":""phenom_color_code"",""d"":3,""noise"":""uniform"",""p"":0.005,""q"":8,""r"":12}","{""detection_events"":883297}"
    381244,      9150,         0,    1.00,chromobius,9f8907d7a36f7874603bddda2b2bc4649b0a3d68835cd709aa2769b53ff75b99,"{""c"":""phenom_color_code"",""d"":3,""noise"":""uniform"",""p"":0.007,""q"":8,""r"":12}","{""detection_events"":875494}"
    266996,     12475,         0,    1.00,chromobius,cf51842cd3defdd79db9d012c667d3734e3b74094bd168e7fc62adba41459626,"{""c"":""phenom_color_code"",""d"":3,""noise"":""uniform"",""p"":0.01,""q"":8,""r"":12}","{""detection_events"":864170}"
   3938648,         0,         0,    1.00,chromobius,1f154bdbf7f77d84ddcb3e0cd02ca9b7368c71474bc960488b753850e75e2cb8,"{""c"":""phenom_color_code"",""d"":5,""noise"":""uniform"",""p"":0.0001,""q"":20,""r"":20}","{""detection_events"":725300}"
   2240129,         0,         0,    1.00,chromobius,ef6e24a6c03f84381c540c623a85c3bc6238b0c0f7f56c6804d9c0dd7ed201ee,"{""c"":""phenom_color_code"",""d"":5,""noise"":""uniform"",""p"":0.0002,""q"":20,""r"":20}","{""detection_events"":824948}"
   1564058,         0,         0,    1.00,chromobius,5dc5062a8c2459a43791fda9b7dedd140a963b65aba163c40b5c22ceaf7d0c74,"{""c"":""phenom_color_code"",""d"":5,""noise"":""uniform"",""p"":0.0003,""q"":20,""r"":20}","{""detection_events"":862906}"
    965333,         3,         0,    1.00,chromobius,6de5fc0a8ec3bb37c3025f1c686d60b08055d2cf7c1568c7448be1dc6bed9329,"{""c"":""phenom_color_code"",""d"":5,""noise"":""uniform"",""p"":0.0005,""q"":20,""r"":20}","{""detection_events"":886694}"
    701448,         1,         0,    1.00,chromobius,3eeb13974db010f0704fce6cb5a92f6d24cf086c361a2a00c451a53cb344ec4b,"{""c"":""phenom_color_code"",""d"":5,""noise"":""uniform"",""p"":0.0007,""q"":20,""r"":20}","{""detection_events"":898860}"
    495201,         7,         0,    1.00,chromobius,d7d7ac54b3c29dbc763eaa13bf632c1d0fee58d5ab7d104069129c6b5c8b7981,"{""c"":""phenom_color_code"",""d"":5,""noise"":""uniform"",""p"":0.001,""q"":20,""r"":20}","{""detection_events"":907585}"
    247549,        31,         0,    1.00,chromobius,21bf5b2d09a5e51325b0c4eb81b3a0956748541d8b1933e28bf3823ddda8a7ee,"{""c"":""phenom_color_code"",""d"":5,""noise"":""uniform"",""p"":0.002,""q"":20,""r"":20}","{""detection_events"":903097}"
    163063,        74,         0,    1.00,chromobius,f438d6b2f28f85f565cf0dbdd15c732342fd5957e7edec2b19379ae90ec8fa0b,"{""c"":""phenom_color_code"",""d"":5,""noise"":""uniform"",""p"":0.003,""q"":20,""r"":20}","{""detection_events"":891361}"
     96850,       201,         0,    1.00,chromobius,e7bca189a05503c762a3362118e6a3f686b6eb31cd57fcfc6f50aa4e12a69c0b,"{""c"":""phenom_color_code"",""d"":5,""noise"":""uniform"",""p"":0.005,""q"":20,""r"":20}","{""detection_events"":874210}"
     68143,       359,         0,    1.00,chromobius,755c25b792c8199aa1a2a1f7d348d39919f802e6f5f2c05bc0ea83c91a2168b1,"{""c"":""phenom_color_code"",""d"":5,""noise"":""uniform"",""p"":0.007,""q"":20,""r"":20}","{""detection_events"":851661}"
     46921,       747,         0,    1.01,chromobius,57051ec092d944a1e38eda4d5edaf1ceb5071f61b18e8be216a6d15c432448b1,"{""c"":""phenom_color_code"",""d"":5,""noise"":""uniform"",""p"":0.01,""q"":20,""r"":20}","{""detection_events"":827069}"
   1410295,         0,         0,    1.00,chromobius,74233dfac3223be48b6bc3c806977c857ad109f5a315a7a75858d9a8aa531cbf,"{""c"":""phenom_color_code"",""d"":7,""noise"":""uniform"",""p"":0.0001,""q"":38,""r"":28}","{""detection_events"":760337}"
    786813,         0,         0,    1.00,chromobius,5ea89f6e84fe674a94860ec0f345e27f65db01364329cf1944342a74fc1734ae,"{""c"":""phenom_color_code"",""d"":7,""noise"":""uniform"",""p"":0.0002,""q"":38,""r"":28}","{""detection_events"":845820}"
    539303,         0,         0,    1.00,chromobius,e49ad70c479c8f02c77594cbaaebfb59a63f067858593f714ff2a34bb1f6b32f,"{""c"":""phenom_color_code"",""d"":7,""noise"":""uniform"",""p"":0.0003,""q"":38,""r"":28}","{""detection_events"":868517}"
    331172,         0,         0,    1.00,chromobius,5324235c5373520a246d45231848bfb726b45165708204ffb0aea711cad4e053,"{""c"":""phenom_color_code"",""d"":7,""noise"":""uniform"",""p"":0.0005,""q"":38,""r"":28}","{""detection_events"":886938}"
    235471,         0,         0,    1.00,chromobius,a228869cc01c3ef50465a7a10b2c6d7dbecad32e84d0bdaed4db07e83794cf28,"{""c"":""phenom_color_code"",""d"":7,""noise"":""uniform"",""p"":0.0007,""q"":38,""r"":28}","{""detection_events"":883962}"
    167462,         0,         0,    1.00,chromobius,8844d396ec62451a36e1828f56cba471e386d9ca54dc42749b9d9ab2a41968de,"{""c"":""phenom_color_code"",""d"":7,""noise"":""uniform"",""p"":0.001,""q"":38,""r"":28}","{""detection_events"":897048}"
     84121,         0,         0,    1.00,chromobius,e288c5afe5b3f6a7645352a48c3f4f18595a0177ac1998fd42a8559709c8c269,"{""c"":""phenom_color_code"",""d"":7,""noise"":""uniform"",""p"":0.002,""q"":38,""r"":28}","{""detection_events"":898569}"
     56051,         0,         0,    1.00,chromobius,346112bd893eb0b9530af80a644d273f7cbd1ce3f7fa5f33aaa65a159c200c29,"{""c"":""phenom_color_code"",""d"":7,""noise"":""uniform"",""p"":0.003,""q"":38,""r"":28}","{""detection_events"":891161}"
     32768,         8,         0,    1.01,chromobius,3a20d044a00aef37a405cb50877d41a58e3adf4a80a40c2a544f59aac4e9f709,"{""c"":""phenom_color_code"",""d"":7,""noise"":""uniform"",""p"":0.005,""q"":38,""r"":28}","{""detection_events"":860799}"
     23016,        22,         0,    1.01,chromobius,df0593f67464b458bcba40ccfced5d0ee7129c13d2a28582d4c6838f8d7961aa,"{""c"":""phenom_color_code"",""d"":7,""noise"":""uniform"",""p"":0.007,""q"":38,""r"":28}","{""detection_events"":838153}"
     15625,        73,         0,    1.02,chromobius,f6bef0b45e593196fcb843fc38317b8b19a653cabd531184dea94b4169ca7498,"{""c"":""phenom_color_code"",""d"":7,""noise"":""uniform"",""p"":0.01,""q"":38,""r"":28}","{""detection_events"":801358}"
    624539,         0,         0,    1.00,chromobius,2899b13b18071e59be823b6247c51a1a258cffaeb5c5ba9f5afbf4d7fda635b4,"{""c"":""phenom_color_code"",""d"":9,""noise"":""uniform"",""p"":0.0001,""q"":62,""r"":36}","{""detection_events"":736558}"
    342228,         0,         0,    1.00,chromobius,5c555cfa6f085b5aa69365a129e9b712e08a51b3d0a00482b21d2b4954045476,"{""c"":""phenom_color_code"",""d"":9,""noise"":""uniform"",""p"":0.0002,""q"":62,""r"":36}","{""detection_events"":806571}"
    233040,         0,         0,    1.00,chromobius,70f85606748c1cb07ccb68eb8817c0ebdd1fd509aedf913524b9b3cfdaa710c3,"{""c"":""phenom_color_code"",""d"":9,""noise"":""uniform"",""p"":0.0003,""q"":62,""r"":36}","{""detection_events"":823215}"
    142986,         0,         0,    1.00,chromobius,5bdb5d99a4c1b3b6200b5cc41c7a34e2a83a9f5113b03c1f55d8495be533895a,"{""c"":""phenom_color_code"",""d"":9,""noise"":""uniform"",""p"":0.0005,""q"":62,""r"":36}","{""detection_events"":845360}"
    103194,         0,         0,    1.00,chromobius,a624fe9400e855d4a0a963a41ba8001138eb0bd5b18fd6d9a692c5c591bf96fd,"{""c"":""phenom_color_code"",""d"":9,""noise"":""uniform"",""p"":0.0007,""q"":62,""r"":36}","{""detection_events"":848546}"
     72291,         0,         0,    1.00,chromobius,6ea1972c8e3e51231d3cbaf43ac6622fae6ad00691d399f193a9bb0d89d48b5f,"{""c"":""phenom_color_code"",""d"":9,""noise"":""uniform"",""p"":0.001,""q"":62,""r"":36}","{""detection_events"":853529}"
     36521,         0,         0,    1.01,chromobius,40bdddc5cb7bd0ed42325babecb7c21773e2263cf068fec93e23d963298816de,"{""c"":""phenom_color_code"",""d"":9,""noise"":""uniform"",""p"":0.002,""q"":62,""r"":36}","{""detection_events"":857502}"
     23478,         0,         0,    1.01,chromobius,835ef4281c07b54f3985d05e923ea25a693942e034838de71b7b20317bc5286a,"{""c"":""phenom_color_code"",""d"":9,""noise"":""uniform"",""p"":0.003,""q"":62,""r"":36}","{""detection_events"":818575}"
     14232,         0,         0,    1.01,chromobius,e7f50b41df470283597177a6573530076c0073460b6f0c0a56ebb6217140964d,"{""c"":""phenom_color_code"",""d"":9,""noise"":""uniform"",""p"":0.005,""q"":62,""r"":36}","{""detection_events"":820765}"
      9788,         0,         0,    1.02,chromobius,ad292f6c21eb26c22d4b8a246794330897ebc29f5a5225e43706fed08b31f22f,"{""c"":""phenom_color_code"",""d"":9,""noise"":""uniform"",""p"":0.007,""q"":62,""r"":36}","{""detection_events"":786362}"
      6887,         3,         0,    1.05,chromobius,1a641f8e063606f809d97f60b2430e3a99048c30b5c58f7ce726a9e11bc6e08b,"{""c"":""phenom_color_code"",""d"":9,""noise"":""uniform"",""p"":0.01,""q"":62,""r"":36}","{""detection_events"":773904}"
    296777,         0,         0,    1.00,chromobius,da63fddb90021a9aef515dd68625402a200c3e9b4f027949bf85ec7bb7b44e1a,"{""c"":""phenom_color_code"",""d"":11,""noise"":""uniform"",""p"":0.0001,""q"":92,""r"":44}","{""detection_events"":650751}"
    164829,         0,         0,    1.00,chromobius,952f5b0c707c6d064ca1fcea610877bd1ce31b6e434fe75cb86cee1230abeab3,"{""c"":""phenom_color_code"",""d"":11,""noise"":""uniform"",""p"":0.0002,""q"":92,""r"":44}","{""detection_events"":724333}"
    110996,         0,         0,    1.00,chromobius,f7aa6d68ffa493e066d9468ac560f3ec23dc3346b39fbf17d4bfb9a484e52967,"{""c"":""phenom_color_code"",""d"":11,""noise"":""uniform"",""p"":0.0003,""q"":92,""r"":44}","{""detection_events"":732907}"
     69898,         0,         0,    1.00,chromobius,630b28b67bc7f2275247deeaa7abfc002f616ff28f7ee2bafca17fbafbe8aa03,"{""c"":""phenom_color_code"",""d"":11,""noise"":""uniform"",""p"":0.0005,""q"":92,""r"":44}","{""detection_events"":769070}"
     50621,         0,         0,    1.00,chromobius,3afda094aad10dd55ce1bea26777a80a7fb1896bd08cb72120dd3c024b84c51d,"{""c"":""phenom_color_code"",""d"":11,""noise"":""uniform"",""p"":0.0007,""q"":92,""r"":44}","{""detection_events"":777451}"
     35423,         0,         0,    1.00,chromobius,fa8e064f0df8c52b9c3a4300d9c38a464b61c191f9f23ca7974987618e75c3f0,"{""c"":""phenom_color_code"",""d"":11,""noise"":""uniform"",""p"":0.001,""q"":92,""r"":44}","{""detection_events"":775814}"
     17968,         0,         0,    1.01,chromobius,4b63b786ae37b89726defae5eacfcd2ef77cee6e7d1572e8569e3010acd4773d,"{""c"":""phenom_color_code"",""d"":11,""noise"":""uniform"",""p"":0.002,""q"":92,""r"":44}","{""detection_events"":784619}"
     11768,         0,         0,    1.03,chromobius,46cd34e562bcd9a87bfa15167fa01458893a817e813e07e63504038ae3c16a29,"{""c"":""phenom_color_code"",""d"":11,""noise"":""uniform"",""p"":0.003,""q"":92,""r"":44}","{""detection_events"":765135}"
      7344,         0,         0,    1.05,chromobius,d8039d1dafebf73da47e3f1c5fd5bb3e5f88e532601978f625514b6200a50439,"{""c"":""phenom_color_code"",""d"":11,""noise"":""uniform"",""p"":0.005,""q"":92,""r"":44}","{""detection_events"":789228}"
      4912,         0,         0,    1.02,chromobius,ee2c97b1ded7d23ef4bfb332009f83ece621d2ba62aa4ee8ca862406d4563b35,"{""c"":""phenom_color_code"",""d"":11,""noise"":""uniform"",""p"":0.007,""q"":92,""r"":44}","{""detection_events"":732816}"
      3596,         0,         0,    1.11,chromobius,d5a4eb8ff3aa2663b9397c594a4283f56e843eebcec83bff759a295bc04e4c9e,"{""c"":""phenom_color_code"",""d"":11,""noise"":""uniform"",""p"":0.01,""q"":92,""r"":44}","{""detection_events"":752838}"
    144678,         0,         0,    1.00,chromobius,98c8f0a7996682f37dab8004402f8adbbcd52869c6796bda4e3f18ebb0a75d24,"{""c"":""phenom_color_code"",""d"":13,""noise"":""uniform"",""p"":0.0001,""q"":128,""r"":52}","{""detection_events"":531187}"
     84396,         0,         0,    1.00,chromobius,781e65481ed95f455265c22988fcb3364660d84c5ef7c9cbc903f0501e15e99c,"{""c"":""phenom_color_code"",""d"":13,""noise"":""uniform"",""p"":0.0002,""q"":128,""r"":52}","{""detection_events"":622975}"
     57030,         0,         0,    1.01,chromobius,7f5def9a1e5f9f44cf35e57f65c4ecb2a7e4cef9bff936b28111134576955d32,"{""c"":""phenom_color_code"",""d"":13,""noise"":""uniform"",""p"":0.0003,""q"":128,""r"":52}","{""detection_events"":629671}"
     37628,         0,         0,    1.00,chromobius,6e89716ee598a900c80981e3f51c210d690baa4c813af8d5274bec751dcb0354,"{""c"":""phenom_color_code"",""d"":13,""noise"":""uniform"",""p"":0.0005,""q"":128,""r"":52}","{""detection_events"":692006}"
     27926,         0,         0,    1.01,chromobius,8c9ffbba08bc54dba701277b93981c619f1c2341823d25faa5207878d0350e9c,"{""c"":""phenom_color_code"",""d"":13,""noise"":""uniform"",""p"":0.0007,""q"":128,""r"":52}","{""detection_events"":719094}"
     19814,         0,         0,    1.01,chromobius,641397d5ecf1fa891b15c77918a4596bede81901b01c9dcc76cf96f81805dfb8,"{""c"":""phenom_color_code"",""d"":13,""noise"":""uniform"",""p"":0.001,""q"":128,""r"":52}","{""detection_events"":727779}"
     10078,         0,         0,    1.02,chromobius,5e565029c2a64f0252d68f7f3d7c46ebe8a723d0a84741477413034b6b819853,"{""c"":""phenom_color_code"",""d"":13,""noise"":""uniform"",""p"":0.002,""q"":128,""r"":52}","{""detection_events"":732954}"
      6636,         0,         0,    1.04,chromobius,41fdf4879409cfc33a31205836013738c976c6af113b2495785875443a039485,"{""c"":""phenom_color_code"",""d"":13,""noise"":""uniform"",""p"":0.003,""q"":128,""r"":52}","{""detection_events"":721416}"
      3993,         0,         0,    1.07,chromobius,b49fa168326f756de1cc248a4debd1473c66342cecc124cbb54ff507872175bd,"{""c"":""phenom_color_code"",""d"":13,""noise"":""uniform"",""p"":0.005,""q"":128,""r"":52}","{""detection_events"":720157}"
      3089,         0,         0,    1.14,chromobius,67dcd29f4c0f0f9febd4a66efcb0d8e31640bab6e409d84ff6b09dda362fb0eb,"{""c"":""phenom_color_code"",""d"":13,""noise"":""uniform"",""p"":0.007,""q"":128,""r"":52}","{""detection_events"":772276}"
      2055,         0,         0,    1.14,chromobius,043938179909dc65bf1bfc2a537936484aa7c41e1ebf7d0e08b48c377a0e08fe,"{""c"":""phenom_color_code"",""d"":13,""noise"":""uniform"",""p"":0.01,""q"":128,""r"":52}","{""detection_events"":718728}"
   1963831,      4642,         0,    1.00,chromobius,043c652d2f19815a3f0a8b2ef4a021ea3ed1531ec63a81fc993daf42774ceccc,"{""c"":""superdense_color_code_X"",""d"":3,""noise"":""uniform"",""p"":0.0001,""q"":13,""r"":12}","{""detection_events"":553850}"
   1008784,      5241,         0,    1.00,chromobius,aa0d7c3809c3d93f48358cc4678ef1921505bf893d7385d26c9139e3edb0b552,"{""c"":""superdense_color_code_X"",""d"":3,""noise"":""uniform"",""p"":0.0002,""q"":13,""r"":12}","{""detection_events"":566161}"
    690325,      5960,         0,    1.00,chromobius,f50a7f372950ed42d13e3c7f6926f0cbdf71712d7445f450072ee1c10be76ad4,"{""c"":""superdense_color_code_X"",""d"":3,""noise"":""uniform"",""p"":0.0003,""q"":13,""r"":12}","{""detection_events"":577950}"
    412584,      6815,         0,    1.00,chromobius,c7e283014a06eccdf889989958ba4f841a438cafa30c30b3c61157dd8ce46e94,"{""c"":""superdense_color_code_X"",""d"":3,""noise"":""uniform"",""p"":0.0005,""q"":13,""r"":12}","{""detection_events"":572560}"
    292423,      7715,         0,    1.00,chromobius,2794dc0fcc06b37647cd0d235d17ed23da819baa0ec861c25738b98300c54e3b,"{""c"":""superdense_color_code_X"",""d"":3,""noise"":""uniform"",""p"":0.0007,""q"":13,""r"":12}","{""detection_events"":562086}"
    205066,      8910,         0,    1.00,chromobius,955d9720bba9f3683c1db7f0d9b3a7adf30d4f2d79bda7759fc23ca42df5bc17,"{""c"":""superdense_color_code_X"",""d"":3,""noise"":""uniform"",""p"":0.001,""q"":13,""r"":12}","{""detection_events"":558911}"
    102224,     11982,         0,    1.00,chromobius,d0f3c19b86524c4954d71964e211e23d7b5041276f6cb61b53ba856eb07851ef,"{""c"":""superdense_color_code_X"",""d"":3,""noise"":""uniform"",""p"":0.002,""q"":13,""r"":12}","{""detection_events"":535934}"
     69305,     13639,         0,    1.00,chromobius,44d0b1e95cd6cc63ddbbc15131841fb541c96d841c1423f07183ca0cf2bd8e52,"{""c"":""superdense_color_code_X"",""d"":3,""noise"":""uniform"",""p"":0.003,""q"":13,""r"":12}","{""detection_events"":523299}"
     42474,     14296,         0,    1.00,chromobius,51d81407e0c85947a2055756e134c3212b08f9e36f37923f931010a37b149306,"{""c"":""superdense_color_code_X"",""d"":3,""noise"":""uniform"",""p"":0.005,""q"":13,""r"":12}","{""detection_events"":495614}"
     31931,     13382,         0,    1.01,chromobius,a7534fce73f0f9457ab596a439b697f5fe1ebf2759dcbeb323aadcd29fae2a39,"{""c"":""superdense_color_code_X"",""d"":3,""noise"":""uniform"",""p"":0.007,""q"":13,""r"":12}","{""detection_events"":486447}"
     23541,     11284,         0,    1.01,chromobius,c52dfca25e89cf1e27dc644f8b01870f0b41ae003de4f7b84787d7a75c23e503,"{""c"":""superdense_color_code_X"",""d"":3,""noise"":""uniform"",""p"":0.01,""q"":13,""r"":12}","{""detection_events"":460071}"
    366401,       431,         0,    1.00,chromobius,b0a476cebcf83cc2408b3450c38613b41ff70c0bb1fbd72e708795909061facb,"{""c"":""superdense_color_code_X"",""d"":5,""noise"":""uniform"",""p"":0.0001,""q"":37,""r"":20}","{""detection_events"":569128}"
    184329,       502,         0,    1.00,chromobius,a0f56881d2da39f9418b9d8306c0ec5d514d9a70a57bc2ea40ccead9d9a2252e,"{""c"":""superdense_color_code_X"",""d"":5,""noise"":""uniform"",""p"":0.0002,""q"":37,""r"":20}","{""detection_events"":571719}"
    120513,       612,         0,    1.00,chromobius,23ccd15f2df0c2e5b6d9e35d8386fa33b2165323c302a1324100a006e0e5cb60,"{""c"":""superdense_color_code_X"",""d"":5,""noise"":""uniform"",""p"":0.0003,""q"":37,""r"":20}","{""detection_events"":557524}"
     71706,       803,         0,    1.00,chromobius,7d1aead4f9cb353ac03efe0b668d5c2be54427eabf7313eb6bbb54461b7939bf,"{""c"":""superdense_color_code_X"",""d"":5,""noise"":""uniform"",""p"":0.0005,""q"":37,""r"":20}","{""detection_events"":543740}"
     49635,      1020,         0,    1.00,chromobius,ac252f19061b58f67596ad3c4f05e29651c47cce3430453c8edf4dbd8fc43467,"{""c"":""superdense_color_code_X"",""d"":5,""noise"":""uniform"",""p"":0.0007,""q"":37,""r"":20}","{""detection_events"":526587}"
     33697,      1255,         0,    1.00,chromobius,2c0cddf830412f753375e28d1e4820fc90968bfaaff1328a891087232a076cbc,"{""c"":""superdense_color_code_X"",""d"":5,""noise"":""uniform"",""p"":0.001,""q"":37,""r"":20}","{""detection_events"":506693}"
     16086,      2155,         0,    1.03,chromobius,e9b1cf296cfb4be32baf3ecedcff5f1d4c812edf546db53b466f8e4323e118e8,"{""c"":""superdense_color_code_X"",""d"":5,""noise"":""uniform"",""p"":0.002,""q"":37,""r"":20}","{""detection_events"":461119}"
     10020,      2566,         0,    1.01,chromobius,40ac7974db81f9437ffe34ebb8d9530df5737d3171d58f06f2e1adae6c45fad6,"{""c"":""superdense_color_code_X"",""d"":5,""noise"":""uniform"",""p"":0.003,""q"":37,""r"":20}","{""detection_events"":412316}"
      5730,      2567,         0,    1.02,chromobius,aff49acbde36de58ff03112222c0a5e8d9003e501f4812c5de0a959447b8ffb9,"{""c"":""superdense_color_code_X"",""d"":5,""noise"":""uniform"",""p"":0.005,""q"":37,""r"":20}","{""detection_events"":362318}"
      4096,      1995,         0,    1.07,chromobius,4713e2a2be1a25d2188fea1e8b0b623488faf7739fab6bde10b7e97e937f12db,"{""c"":""superdense_color_code_X"",""d"":5,""noise"":""uniform"",""p"":0.007,""q"":37,""r"":20}","{""detection_events"":332445}"
      3028,      1503,         0,    1.12,chromobius,b6195b8c546537843e180637a01369be50333d689798e606e651e9cb77e423e7,"{""c"":""superdense_color_code_X"",""d"":5,""noise"":""uniform"",""p"":0.01,""q"":37,""r"":20}","{""detection_events"":314628}"
    126197,         1,         0,    1.00,chromobius,1f225e67c9ecdfdef9b8d6bf086c861ea59ee23b376a60e03a67130ed37df7c8,"{""c"":""superdense_color_code_X"",""d"":7,""noise"":""uniform"",""p"":0.0001,""q"":73,""r"":28}","{""detection_events"":577531}"
     62767,         8,         0,    1.00,chromobius,9ea6e6d659ce7cb2c7185271a5515ff9e69d3fa83b34c81e612daa79ed03e361,"{""c"":""superdense_color_code_X"",""d"":7,""noise"":""uniform"",""p"":0.0002,""q"":73,""r"":28}","{""detection_events"":567851}"
     42404,         8,         0,    1.00,chromobius,7b153f0a06ad2daeb9a6b2f8e96fe65b79bc44db99d2c110cc09ce8e7d4b969f,"{""c"":""superdense_color_code_X"",""d"":7,""noise"":""uniform"",""p"":0.0003,""q"":73,""r"":28}","{""detection_events"":572480}"
     24545,        30,         0,    1.01,chromobius,9f2e517e23956e6cae4ebe0c81404e813a9abc2668bf0f189f9cccb943fdfb9e,"{""c"":""superdense_color_code_X"",""d"":7,""noise"":""uniform"",""p"":0.0005,""q"":73,""r"":28}","{""detection_events"":548896}"
     16829,        73,         0,    1.00,chromobius,09465bb6986b877025237bc2f757713386037b6c1498fac4e8ebc0d49e9c5a66,"{""c"":""superdense_color_code_X"",""d"":7,""noise"":""uniform"",""p"":0.0007,""q"":73,""r"":28}","{""detection_events"":519902}"
     11552,       148,         0,    1.03,chromobius,6f2a12e85c2f665e7dbb0a41da7f261e8ad2bb0503d0ba7351413c6174fdbdf9,"{""c"":""superdense_color_code_X"",""d"":7,""noise"":""uniform"",""p"":0.001,""q"":73,""r"":28}","{""detection_events"":506750}"
      5072,       428,         0,    1.02,chromobius,2f36d56c1c2c6badb2b743625adefaab0a85c75e0c3ffbc83f855b22e3fb4d04,"{""c"":""superdense_color_code_X"",""d"":7,""noise"":""uniform"",""p"":0.002,""q"":73,""r"":28}","{""detection_events"":423852}"
      3300,       802,         0,    1.09,chromobius,86b08e115196e7dd0c0830981449338d3b0d2179076f22f11781eee4cb2bc8a9,"{""c"":""superdense_color_code_X"",""d"":7,""noise"":""uniform"",""p"":0.003,""q"":73,""r"":28}","{""detection_events"":396879}"
      1692,       789,         0,    1.09,chromobius,3201309176d9d7b24540643a7ec42c1fac0fde6de44c70657918e87c072393be,"{""c"":""superdense_color_code_X"",""d"":7,""noise"":""uniform"",""p"":0.005,""q"":73,""r"":28}","{""detection_events"":309985}"
      1100,       543,         0,    1.12,chromobius,8f1a54461265e4bde3261a8e505a4db280c74d4c6dc3b9ef30742d6d5b1720fc,"{""c"":""superdense_color_code_X"",""d"":7,""noise"":""uniform"",""p"":0.007,""q"":73,""r"":28}","{""detection_events"":259259}"
       700,       366,         0,    1.10,chromobius,70728c7c854c4e827a2e5ae7919a27197d47a5edbce7dc5a36dde007843dc7dd,"{""c"":""superdense_color_code_X"",""d"":7,""noise"":""uniform"",""p"":0.01,""q"":73,""r"":28}","{""detection_events"":210230}"
     55473,         0,         0,    1.00,chromobius,5f960454464cb6c09b20a4bafee45a1098107f5104445a6be15cab2179663ea8,"{""c"":""superdense_color_code_X"",""d"":9,""noise"":""uniform"",""p"":0.0001,""q"":121,""r"":36}","{""detection_events"":554762}"
     27031,         0,         0,    1.01,chromobius,177de51ecf83b7d6c2d978c20870dc52f20695369e457ec1b31f9a786d93b64e,"{""c"":""superdense_color_code_X"",""d"":9,""noise"":""uniform"",""p"":0.0002,""q"":121,""r"":36}","{""detection_events"":538217}"
     18308,         0,         0,    1.01,chromobius,c89561c82dca54b18405214059d7f05c7aa81f70b691e3a1c5587f33e8dcc670,"{""c"":""superdense_color_code_X"",""d"":9,""noise"":""uniform"",""p"":0.0003,""q"":121,""r"":36}","{""detection_events"":544717}"
     10609,         3,         0,    1.03,chromobius,992eeb509d2bd10a85d31fa683953d268bed3a0fdf11691e345472011891f2f6,"{""c"":""superdense_color_code_X"",""d"":9,""noise"":""uniform"",""p"":0.0005,""q"":121,""r"":36}","{""detection_events"":523011}"
      7590,        12,         0,    1.05,chromobius,402f5f1e747f3eac8a7e7e24663a4b9dd4170d6ee1647d4936d57193f6225501,"{""c"":""superdense_color_code_X"",""d"":9,""noise"":""uniform"",""p"":0.0007,""q"":121,""r"":36}","{""detection_events"":519191}"
      4933,        24,         0,    1.01,chromobius,144434321585e2ef47fd83952e19299897e10d07a284c5a2f251b8be515e3f92,"{""c"":""superdense_color_code_X"",""d"":9,""noise"":""uniform"",""p"":0.001,""q"":121,""r"":36}","{""detection_events"":477654}"
      2273,       137,         0,    1.08,chromobius,e04cbba50c85f7618841834684fc14d12a2e381f0dde582b3244ceff8b2be4bd,"{""c"":""superdense_color_code_X"",""d"":9,""noise"":""uniform"",""p"":0.002,""q"":121,""r"":36}","{""detection_events"":417185}"
      1331,       309,         0,    1.10,chromobius,401c5cd1895a91f603d9de345973eb02fdd329610dfb830aaa3d4d3a0ebce3c4,"{""c"":""superdense_color_code_X"",""d"":9,""noise"":""uniform"",""p"":0.003,""q"":121,""r"":36}","{""detection_events"":351313}"
       621,       305,         0,    1.12,chromobius,5ffad3ff2975f299592bc73f7ac3254a08215b7214d11fe91b6c1f1cd1f4a7fd,"{""c"":""superdense_color_code_X"",""d"":9,""noise"":""uniform"",""p"":0.005,""q"":121,""r"":36}","{""detection_events"":248256}"
       343,       183,         0,    1.05,chromobius,c97052a8ac32d6e7e60fc6de46cd16ffe4bddc435992553d15d96699d5635508,"{""c"":""superdense_color_code_X"",""d"":9,""noise"":""uniform"",""p"":0.007,""q"":121,""r"":36}","{""detection_events"":176016}"
       224,        99,         0,    1.13,chromobius,47703cf5a405323edbc3929ba90d359510070ffcf99741411ecf9ed74cd02673,"{""c"":""superdense_color_code_X"",""d"":9,""noise"":""uniform"",""p"":0.01,""q"":121,""r"":36}","{""detection_events"":147481}"
     25938,         0,         0,    1.00,chromobius,fc69f287d689cf8753e47773e351a3fa4cdfeb88de8ed1f8fb01d722192d9130,"{""c"":""superdense_color_code_X"",""d"":11,""noise"":""uniform"",""p"":0.0001,""q"":181,""r"":44}","{""detection_events"":485374}"
     13231,         0,         0,    1.01,chromobius,dfd4617137b9d70669a477045ff15b2da59f8f8dda12b3e7c70824f6b87145a8,"{""c"":""superdense_color_code_X"",""d"":11,""noise"":""uniform"",""p"":0.0002,""q"":181,""r"":44}","{""detection_events"":492049}"
      9106,         0,         0,    1.01,chromobius,86e9c378bde0847f9f212ef715f6656d92926eacbbe43783e79fca7e33ab40b4,"{""c"":""superdense_color_code_X"",""d"":11,""noise"":""uniform"",""p"":0.0003,""q"":181,""r"":44}","{""detection_events"":505043}"
      5025,         1,         0,    1.02,chromobius,ca31b3260e8316a49e723463d1ea63f7d248c5886e482b73b88ddb3e3e526b85,"{""c"":""superdense_color_code_X"",""d"":11,""noise"":""uniform"",""p"":0.0005,""q"":181,""r"":44}","{""detection_events"":462716}"
      3968,         1,         0,    1.10,chromobius,de823e8f05cfeaaa54f0601db35ef2de851c1d55762c6cd573f5a34a95e6c202,"{""c"":""superdense_color_code_X"",""d"":11,""noise"":""uniform"",""p"":0.0007,""q"":181,""r"":44}","{""detection_events"":504878}"
      2756,         4,         0,    1.13,chromobius,ee62ffbed83ba27ab5d95f0c17fa38ae0272b71f4b14c313132accc7594cd3e5,"{""c"":""superdense_color_code_X"",""d"":11,""noise"":""uniform"",""p"":0.001,""q"":181,""r"":44}","{""detection_events"":493627}"
      1143,        55,         0,    1.09,chromobius,78d5bc21c1e97b946b24adfd335040561334717f9175ed73c6ccb6e1146c1f46,"{""c"":""superdense_color_code_X"",""d"":11,""noise"":""uniform"",""p"":0.002,""q"":181,""r"":44}","{""detection_events"":389463}"
       643,       143,         0,    1.11,chromobius,7153bc706621d69ef32622219c4be23084a886014512e7512d06aafd286b3567,"{""c"":""superdense_color_code_X"",""d"":11,""noise"":""uniform"",""p"":0.003,""q"":181,""r"":44}","{""detection_events"":315994}"
       252,       126,         0,    1.05,chromobius,8d51fc72ca6fd599962d53cc691392fbea593042bdb8c51d4b3b8333b3788b4a,"{""c"":""superdense_color_code_X"",""d"":11,""noise"":""uniform"",""p"":0.005,""q"":181,""r"":44}","{""detection_events"":187725}"
       143,        69,         0,    1.21,chromobius,e537c9e83d3c28a5754677ef821f8785e0a8f21198bbf23373fbfce58945eeaf,"{""c"":""superdense_color_code_X"",""d"":11,""noise"":""uniform"",""p"":0.007,""q"":181,""r"":44}","{""detection_events"":137319}"
        74,        43,         0,    1.01,chromobius,6e1b81b38e5f079100a4ac9bdd67dc5efebb11ef1db8e6843f1b7f6a9f2fe980,"{""c"":""superdense_color_code_X"",""d"":11,""noise"":""uniform"",""p"":0.01,""q"":181,""r"":44}","{""detection_events"":90252}"
     14802,         0,         0,    1.03,chromobius,66e7c2a0ea010b26542be3ecf767e987e91f0673af8389f678e00905b8f64e47,"{""c"":""superdense_color_code_X"",""d"":13,""noise"":""uniform"",""p"":0.0001,""q"":253,""r"":52}","{""detection_events"":460866}"
      7641,         0,         0,    1.05,chromobius,b28b5041a32bf45e2faf8ca36ec399077db3214cd9a2e889ad37140ceebb7cb8,"{""c"":""superdense_color_code_X"",""d"":13,""noise"":""uniform"",""p"":0.0002,""q"":253,""r"":52}","{""detection_events"":475651}"
      4765,         0,         0,    1.02,chromobius,245fa6ace58d4b1a9540b8cffb3cc1f6fa7449ee62a822e209af35dabb4da520,"{""c"":""superdense_color_code_X"",""d"":13,""noise"":""uniform"",""p"":0.0003,""q"":253,""r"":52}","{""detection_events"":442912}"
      2922,         0,         0,    1.02,chromobius,9aa759b2994dd9200a55b600d80c1b430c72bba7bc0160e95005a653eea34a9c,"{""c"":""superdense_color_code_X"",""d"":13,""noise"":""uniform"",""p"":0.0005,""q"":253,""r"":52}","{""detection_events"":447543}"
      1951,         0,         0,    1.04,chromobius,cb77ec77833753d108aac23b11c57c7455175798fe590f7cd1d312adafa714a1,"{""c"":""superdense_color_code_X"",""d"":13,""noise"":""uniform"",""p"":0.0007,""q"":253,""r"":52}","{""detection_events"":415323}"
      1442,         1,         0,    1.12,chromobius,a81e0cdb391058429bed6d2b07ff93da65f5cebec061d62f4fae1fbaf4eda9d0,"{""c"":""superdense_color_code_X"",""d"":13,""noise"":""uniform"",""p"":0.001,""q"":253,""r"":52}","{""detection_events"":433425}"
       639,        15,         0,    1.07,chromobius,039f482a3b16b9b224d64871650acdf86c0fde98f3efde2ec7f69775311bf422,"{""c"":""superdense_color_code_X"",""d"":13,""noise"":""uniform"",""p"":0.002,""q"":253,""r"":52}","{""detection_events"":365756}"
       319,        86,         0,    1.03,chromobius,81e56909088058417a95449567d6c643ff553941e6d1d7d605ea8e07aa0b1088,"{""c"":""superdense_color_code_X"",""d"":13,""noise"":""uniform"",""p"":0.003,""q"":253,""r"":52}","{""detection_events"":262446}"
       105,        55,         0,    1.12,chromobius,f5d304744a6beb160eddb7d4da594ec5a6f1d7d753295e83c75d5408253db8bb,"{""c"":""superdense_color_code_X"",""d"":13,""noise"":""uniform"",""p"":0.005,""q"":253,""r"":52}","{""detection_events"":131258}"
        43,        15,         0,    1.13,chromobius,2c0798980361f08590cec682bf2598f9c25acf00de1df5ba5e07f4ab358892a4,"{""c"":""superdense_color_code_X"",""d"":13,""noise"":""uniform"",""p"":0.007,""q"":253,""r"":52}","{""detection_events"":69972}"
        30,        17,         0,    1.06,chromobius,b58c661b1fc2f66d053943a1343daa0e94d93290f96a5313db9358f4d17a612c,"{""c"":""superdense_color_code_X"",""d"":13,""noise"":""uniform"",""p"":0.01,""q"":253,""r"":52}","{""detection_events"":60182}"
  13687761,     41933,         0,    1.00,pymatching,40d157c1e7c7f1adb3aadad59110c7455cb251b41ea41b42487de1fc9972077f,"{""c"":""surface_code_X"",""d"":3,""noise"":""uniform"",""p"":0.0001,""q"":17,""r"":12}","{""detection_events"":2318366}"
   8991362,     55745,         0,    1.00,pymatching,64d17376dbbdb2ce75fba4ca6baa646efb258a2acbfecf703d3116f73bad9f2f,"{""c"":""surface_code_X"",""d"":3,""noise"":""uniform"",""p"":0.0002,""q"":17,""r"":12}","{""detection_events"":3043347}"
   6758178,     62725,         0,    1.00,pymatching,d5e26bc01074af0672b2927419e3beb02b241c3592aa35ace97ef6ac8193a41a,"{""c"":""surface_code_X"",""d"":3,""noise"":""uniform"",""p"":0.0003,""q"":17,""r"":12}","{""detection_events"":3416604}"
   4318238,     67776,         0,    1.00,pymatching,23e2eeff9d6aab182144840095ec43510fb088574dfce7f4680f751b091b1e59,"{""c"":""surface_code_X"",""d"":3,""noise"":""uniform"",""p"":0.0005,""q"":17,""r"":12}","{""detection_events"":3625125}"
   3201829,     71740,         0,    1.00,pymatching,f35e78adca6f4f9a02eac49d8c3f4e194a85d6517ebf7fa1062d3eece7e3cf04,"{""c"":""surface_code_X"",""d"":3,""noise"":""uniform"",""p"":0.0007,""q"":17,""r"":12}","{""detection_events"":3748727}"
   2240960,     73807,         0,    1.00,pymatching,8a1d00914c8fa16a6782b501484ad1f6492e2c43fcd558f259197c2a2e027b69,"{""c"":""surface_code_X"",""d"":3,""noise"":""uniform"",""p"":0.001,""q"":17,""r"":12}","{""detection_events"":3734364}"
   1081679,     74992,         0,    1.00,pymatching,983acea7659d8cb0d81fc364d9f4e98338cf570d824a66c0bfd884635fddb37d,"{""c"":""surface_code_X"",""d"":3,""noise"":""uniform"",""p"":0.002,""q"":17,""r"":12}","{""detection_events"":3539532}"
    685669,     74322,         0,    1.00,pymatching,6255c7f94a61c010450583dd94f6bb381bddfb89cad610d9d27b4407226bb867,"{""c"":""surface_code_X"",""d"":3,""noise"":""uniform"",""p"":0.003,""q"":17,""r"":12}","{""detection_events"":3309713}"
    383891,     71774,         0,    1.00,pymatching,26b8479fcdf7f671b43d72e4ff9d68d1380cd66bd5a785661cacd3e289ee7664,"{""c"":""surface_code_X"",""d"":3,""noise"":""uniform"",""p"":0.005,""q"":17,""r"":12}","{""detection_events"":2983216}"
    262144,     68556,         0,    1.00,pymatching,ff329d6d19e008ed632e2b53beec9a8fe6f61f8e86f4a82d6489cce804aaec3e,"{""c"":""surface_code_X"",""d"":3,""noise"":""uniform"",""p"":0.007,""q"":17,""r"":12}","{""detection_events"":2756960}"
    175823,     62378,         0,    1.00,pymatching,afd06feae61f6b6cc8d09ac0674a55bd226769fe3570d83fb9b9d4436a99c4c0,"{""c"":""surface_code_X"",""d"":3,""noise"":""uniform"",""p"":0.01,""q"":17,""r"":12}","{""detection_events"":2508739}"
   3379935,        32,         0,    1.00,pymatching,6317333f509080327b532f74394ef1ef6a29fff34e684bfaaf8a2a5b00eef50c,"{""c"":""surface_code_X"",""d"":5,""noise"":""uniform"",""p"":0.0001,""q"":49,""r"":20}","{""detection_events"":3047247}"
   2009743,        85,         0,    1.00,pymatching,6622bc4335bcc3b13b5393fd28b085aabcdac5f5b7b90704effa26b29a315bbc,"{""c"":""surface_code_X"",""d"":5,""noise"":""uniform"",""p"":0.0002,""q"":49,""r"":20}","{""detection_events"":3613451}"
   1442015,       189,         0,    1.00,pymatching,d2792cab631cd991dab67a5bd1809514c42a66ea9d4b9efefc04faea79164a60,"{""c"":""surface_code_X"",""d"":5,""noise"":""uniform"",""p"":0.0003,""q"":49,""r"":20}","{""detection_events"":3878955}"
    887981,       350,         0,    1.00,pymatching,e0b7b83cb21fbabdb350a6756f2275d63e3aa0ac9e045b89539d66347da22d3d,"{""c"":""surface_code_X"",""d"":5,""noise"":""uniform"",""p"":0.0005,""q"":49,""r"":20}","{""detection_events"":3964377}"
    634581,       620,         0,    1.00,pymatching,02d031a6d70061cc21bdfe7c8225c1da77674ebf4747e7a48ef2289797744203,"{""c"":""surface_code_X"",""d"":5,""noise"":""uniform"",""p"":0.0007,""q"":49,""r"":20}","{""detection_events"":3954271}"
    431041,       916,         0,    1.00,pymatching,965703c642705ab4cf852e22266f2d730b0b1226e92041ab572c4f028428377a,"{""c"":""surface_code_X"",""d"":5,""noise"":""uniform"",""p"":0.001,""q"":49,""r"":20}","{""detection_events"":3816338}"
    195966,      2727,         0,    1.00,pymatching,bd41201c42622e1768fc6a7dc120f3b335974c94f1a2c65f52d47d2437421926,"{""c"":""surface_code_X"",""d"":5,""noise"":""uniform"",""p"":0.002,""q"":49,""r"":20}","{""detection_events"":3407435}"
    117613,      4522,         0,    1.00,pymatching,8b13ccaf5d66dffac0c3f0538b2efba4a3aa66e4a77f456d8b9e7031bf8d0426,"{""c"":""surface_code_X"",""d"":5,""noise"":""uniform"",""p"":0.003,""q"":49,""r"":20}","{""detection_events"":3014582}"
     61431,      7944,         0,    1.01,pymatching,48689a0e09a6d76c8945bb6a30796434344caa72ff49239a1dde2d65a4a89917,"{""c"":""surface_code_X"",""d"":5,""noise"":""uniform"",""p"":0.005,""q"":49,""r"":20}","{""detection_events"":2527733}"
     39981,     10137,         0,    1.00,pymatching,3bd82eac0eb5b8578d3991b3a3fcc36100edb3672c96ec9e1e2f02f2afd6659e,"{""c"":""surface_code_X"",""d"":5,""noise"":""uniform"",""p"":0.007,""q"":49,""r"":20}","{""detection_events"":2222064}"
     24976,     10036,         0,    1.00,pymatching,81467af4142afbed871cd9aebd404586907df0330edd96c41d72b32e5e9bd72e,"{""c"":""surface_code_X"",""d"":5,""noise"":""uniform"",""p"":0.01,""q"":49,""r"":20}","{""detection_events"":1880391}"
   1240163,         0,         0,    1.00,pymatching,f97ca4d46ef4b641e43eab833faea1b8597cb26bac6d892c354d224133adec7d,"{""c"":""surface_code_X"",""d"":7,""noise"":""uniform"",""p"":0.0001,""q"":97,""r"":28}","{""detection_events"":3224449}"
    741376,         0,         0,    1.00,pymatching,762bbb6aa3a58bd815e93a7a4137257929f7a4e51de67bd27dd8c0bbb7c53527,"{""c"":""surface_code_X"",""d"":7,""noise"":""uniform"",""p"":0.0002,""q"":97,""r"":28}","{""detection_events"":3839375}"
    523196,         2,         0,    1.00,pymatching,2c87e46e237b990251f452e28f6af25747399de152377a87127cf4cd03d325a4,"{""c"":""surface_code_X"",""d"":7,""noise"":""uniform"",""p"":0.0003,""q"":97,""r"":28}","{""detection_events"":4060843}"
    315664,         3,         0,    1.00,pymatching,67daaab79a5eb44d1857559c57e7e8db803df431a6ffd40083150a254adef9e2,"{""c"":""surface_code_X"",""d"":7,""noise"":""uniform"",""p"":0.0005,""q"":97,""r"":28}","{""detection_events"":4067944}"
    221308,        14,         0,    1.00,pymatching,937ab4bcc7c0dc1b16d13454560fa78d4a27d91cb5330a6fc5606ea5d33acd2b,"{""c"":""surface_code_X"",""d"":7,""noise"":""uniform"",""p"":0.0007,""q"":97,""r"":28}","{""detection_events"":3980117}"
    153999,        46,         0,    1.00,pymatching,3c0dc70b5cd6114700281dce13a50db78966c1f676fb2650b73cc1da99c0a800,"{""c"":""surface_code_X"",""d"":7,""noise"":""uniform"",""p"":0.001,""q"":97,""r"":28}","{""detection_events"":3927426}"
     67675,       285,         0,    1.00,pymatching,eb1016ca182c0973dd2e27368fa3c8745da588f001fa9f042f24f19b82c78f0e,"{""c"":""surface_code_X"",""d"":7,""noise"":""uniform"",""p"":0.002,""q"":97,""r"":28}","{""detection_events"":3395370}"
     40240,       729,         0,    1.01,pymatching,bd39353a374a702e909e50a9de3b7049cf425f76b1c8a52f43054af9b48cc454,"{""c"":""surface_code_X"",""d"":7,""noise"":""uniform"",""p"":0.003,""q"":97,""r"":28}","{""detection_events"":2971271}"
     19569,      2089,         0,    1.02,pymatching,aaa7a328ae4b0a349ce79e44eadf2edb0c5d11ba26a2b836cadb1dc3227e076d,"{""c"":""surface_code_X"",""d"":7,""noise"":""uniform"",""p"":0.005,""q"":97,""r"":28}","{""detection_events"":2317217}"
     11878,      3135,         0,    1.03,pymatching,3fabbaeb4e6eeeead0ca066fe46a5e549b83e80e4f95ce175645386da51f00bc,"{""c"":""surface_code_X"",""d"":7,""noise"":""uniform"",""p"":0.007,""q"":97,""r"":28}","{""detection_events"":1900319}"
      7245,      3212,         0,    1.04,pymatching,5fe17b970cb0bb2d8f59ff6a7e54cd343e75c726015b56d4c5d4642c321a8f70,"{""c"":""surface_code_X"",""d"":7,""noise"":""uniform"",""p"":0.01,""q"":97,""r"":28}","{""detection_events"":1567755}"
    576438,         0,         0,    1.00,pymatching,068cabd14fb42635de3d9d5ecea6ebd749508279aa3bd5c456c1213d67252a62,"{""c"":""surface_code_X"",""d"":9,""noise"":""uniform"",""p"":0.0001,""q"":161,""r"":36}","{""detection_events"":3266040}"
    339820,         0,         0,    1.00,pymatching,1e9f4fd3bf83270c35ad450ffd6748b46a2d6a78f511754ee6714b93fc5cfd72,"{""c"":""surface_code_X"",""d"":9,""noise"":""uniform"",""p"":0.0002,""q"":161,""r"":36}","{""detection_events"":3843768}"
    237842,         0,         0,    1.00,pymatching,476ed894ef84ffd370a51d6d318048f4dfdd3ed7bf05a82530b8ef8eef76d1ae,"{""c"":""surface_code_X"",""d"":9,""noise"":""uniform"",""p"":0.0003,""q"":161,""r"":36}","{""detection_events"":4032355}"
    144151,         0,         0,    1.00,pymatching,7f7c2f2d07858e398136ce84462b711f486e57a772a82d7753d5b75ee783b38d,"{""c"":""surface_code_X"",""d"":9,""noise"":""uniform"",""p"":0.0005,""q"":161,""r"":36}","{""detection_events"":4054925}"
    104773,         0,         0,    1.00,pymatching,135a27c5b1d39d06aa71c552a0405063bfc12a4f0ae23da4b2938e605b2adaec,"{""c"":""surface_code_X"",""d"":9,""noise"":""uniform"",""p"":0.0007,""q"":161,""r"":36}","{""detection_events"":4105292}"
     70141,         1,         0,    1.00,pymatching,bb8dfb7990f2b087335d14353ea867187e7266937d47ecce49b95d6f220a2d26,"{""c"":""surface_code_X"",""d"":9,""noise"":""uniform"",""p"":0.001,""q"":161,""r"":36}","{""detection_events"":3905391}"
     31254,        40,         0,    1.01,pymatching,4dae9cd03fa5d0714b23fb663bc9963ac623030940287afceb6cf7d4a30350ce,"{""c"":""surface_code_X"",""d"":9,""noise"":""uniform"",""p"":0.002,""q"":161,""r"":36}","{""detection_events"":3417701}"
     17970,       161,         0,    1.01,pymatching,fb958b9295e4d23b5ccf9ae220b9022d15667f89ddf4074217c2a62b0709a7c8,"{""c"":""surface_code_X"",""d"":9,""noise"":""uniform"",""p"":0.003,""q"":161,""r"":36}","{""detection_events"":2886883}"
      8192,       763,         0,    1.02,pymatching,161f5e711b1f5178892c401e864b31595619b6331602fa81a4b1b267b328a760,"{""c"":""surface_code_X"",""d"":9,""noise"":""uniform"",""p"":0.005,""q"":161,""r"":36}","{""detection_events"":2114655}"
      4715,      1276,         0,    1.01,pymatching,816be8690eb51e101ee969d1ff391373658dec035364761080033b124ee601ca,"{""c"":""surface_code_X"",""d"":9,""noise"":""uniform"",""p"":0.007,""q"":161,""r"":36}","{""detection_events"":1640876}"
      2914,      1392,         0,    1.11,pymatching,fedd55897c0ac815fe78df93079e8f32f637f34ad34aa28e12946c9a98c367bf,"{""c"":""surface_code_X"",""d"":9,""noise"":""uniform"",""p"":0.01,""q"":161,""r"":36}","{""detection_events"":1368157}"
    311116,         0,         0,    1.00,pymatching,b5105a003222706d61ee71b6bdb571bafcdef75e9b5ea2d4f161418ff09e05e3,"{""c"":""surface_code_X"",""d"":11,""noise"":""uniform"",""p"":0.0001,""q"":241,""r"":44}","{""detection_events"":3267390}"
    182737,         0,         0,    1.00,pymatching,fbac57643154c44ea18ed770fd0443ddab4e252d1915f48a6caaac5eb5028cad,"{""c"":""surface_code_X"",""d"":11,""noise"":""uniform"",""p"":0.0002,""q"":241,""r"":44}","{""detection_events"":3832772}"
    129061,         0,         0,    1.00,pymatching,30ed4bc5e58dd54b793eff2cf8e29184fdb6ab41c9084e7111f8bb9e4a70bd86,"{""c"":""surface_code_X"",""d"":11,""noise"":""uniform"",""p"":0.0003,""q"":241,""r"":44}","{""detection_events"":4052845}"
     77623,         0,         0,    1.00,pymatching,1df9ca265d8c35d72290952511deff3996646abdc2047232caece106184e4d49,"{""c"":""surface_code_X"",""d"":11,""noise"":""uniform"",""p"":0.0005,""q"":241,""r"":44}","{""detection_events"":4045120}"
     56213,         0,         0,    1.01,pymatching,79f77e55da130359c010dfa3a39c86267d4fd483c4b15bd029cbf4b47f64824e,"{""c"":""surface_code_X"",""d"":11,""noise"":""uniform"",""p"":0.0007,""q"":241,""r"":44}","{""detection_events"":4084624}"
     38180,         0,         0,    1.00,pymatching,49056b09c531c9f6588e5e07c50142e286a8335ac99ea65466310d1130cd7f05,"{""c"":""surface_code_X"",""d"":11,""noise"":""uniform"",""p"":0.001,""q"":241,""r"":44}","{""detection_events"":3939783}"
     16384,         5,         0,    1.02,pymatching,e6d89c4df3a1e1d21cb7870178197c0aaeed1346528068b1c6d7ead34c47f464,"{""c"":""surface_code_X"",""d"":11,""noise"":""uniform"",""p"":0.002,""q"":241,""r"":44}","{""detection_events"":3319228}"
      9189,        36,         0,    1.01,pymatching,7d20892d20da9e3c66225778c2851301142a9940e006ca49de02845848865dfb,"{""c"":""surface_code_X"",""d"":11,""noise"":""uniform"",""p"":0.003,""q"":241,""r"":44}","{""detection_events"":2741807}"
      4096,       260,         0,    1.04,pymatching,ccb72714330d46f9530ac18438715973f6ed2f33ec83bfb03cf16afc8cd2ae3d,"{""c"":""surface_code_X"",""d"":11,""noise"":""uniform"",""p"":0.005,""q"":241,""r"":44}","{""detection_events"":1956350}"
      2371,       647,         0,    1.09,pymatching,e883a41ae3eef4270c763b8f249b75db90e0424bef4e338ed803a8542254245a,"{""c"":""surface_code_X"",""d"":11,""noise"":""uniform"",""p"":0.007,""q"":241,""r"":44}","{""detection_events"":1529641}"
      1336,       639,         0,    1.09,pymatching,ab484974c28db3cd30edd76ef456d6457aff046aae963a2fc72ca525d9efe87a,"{""c"":""surface_code_X"",""d"":11,""noise"":""uniform"",""p"":0.01,""q"":241,""r"":44}","{""detection_events"":1158662}"
    179832,         0,         0,    1.00,pymatching,f98e034814fc3e3737496099a7c191af4299691fc9e2883f8963f0d63b3dc0be,"{""c"":""surface_code_X"",""d"":13,""noise"":""uniform"",""p"":0.0001,""q"":337,""r"":52}","{""detection_events"":3152593}"
    106199,         0,         0,    1.01,pymatching,6aa537a42b7247cbd613a8f768f095daf830825c99b6458823a0913612d75a62,"{""c"":""surface_code_X"",""d"":13,""noise"":""uniform"",""p"":0.0002,""q"":337,""r"":52}","{""detection_events"":3715821}"
     76474,         0,         0,    1.00,pymatching,3d51c749ea1ccaaab218e9b483bdeb4e89b4ae24252cdde31eb15c12c02d6012,"{""c"":""surface_code_X"",""d"":13,""noise"":""uniform"",""p"":0.0003,""q"":337,""r"":52}","{""detection_events"":4001382}"
     46273,         0,         0,    1.00,pymatching,c8b6f49f81e1cb17781faf22c9a156bd51120b8c9cfb56cbc1f6e25656ded92d,"{""c"":""surface_code_X"",""d"":13,""noise"":""uniform"",""p"":0.0005,""q"":337,""r"":52}","{""detection_events"":4029835}"
     32768,         0,         0,    1.00,pymatching,0afedfc7296da1b267f4d97eb5c4e54254d1c79ed2338e29efd50211020213bb,"{""c"":""surface_code_X"",""d"":13,""noise"":""uniform"",""p"":0.0007,""q"":337,""r"":52}","{""detection_events"":3968301}"
     22383,         0,         0,    1.01,pymatching,21ff12a19419695061f67202b70da647b1b872a7ad8907f12f97f434c0234c9c,"{""c"":""surface_code_X"",""d"":13,""noise"":""uniform"",""p"":0.001,""q"":337,""r"":52}","{""detection_events"":3854910}"
      9167,         1,         0,    1.01,pymatching,848059f6318e06ead6a83618df347abd17873b9954d6dc8d7702c29d96d6c51d,"{""c"":""surface_code_X"",""d"":13,""noise"":""uniform"",""p"":0.002,""q"":337,""r"":52}","{""detection_events"":3097272}"
      5232,        12,         0,    1.02,pymatching,fae2adaedac14df484377776fd8448fe972a1adabd57b155e225d23e65d7302b,"{""c"":""surface_code_X"",""d"":13,""noise"":""uniform"",""p"":0.003,""q"":337,""r"":52}","{""detection_events"":2599187}"
      2394,       127,         0,    1.09,pymatching,e9152d58e76e760ea397aba670fb87b0248ffe442f08d4f644e52ec6eb177d61,"{""c"":""surface_code_X"",""d"":13,""noise"":""uniform"",""p"":0.005,""q"":337,""r"":52}","{""detection_events"":1909474}"
      1342,       380,         0,    1.12,pymatching,e56a01a1b5d6cfc88b1b78655a5df3cf76045a2854735a512c81886e2e59fb33,"{""c"":""surface_code_X"",""d"":13,""noise"":""uniform"",""p"":0.007,""q"":337,""r"":52}","{""detection_events"":1439070}"
       696,       353,         0,    1.07,pymatching,2fbbc8739c52fa63beb45346161eb239e325a27b45ae49b07ef30ffed026f1d7,"{""c"":""surface_code_X"",""d"":13,""noise"":""uniform"",""p"":0.01,""q"":337,""r"":52}","{""detection_events"":1006690}"
  37434264,         3,         0,    1.00,chromobius,8f74deac0352a709ba738248cf86250c59f5ce941b1b61a9531b1d92a8fccfe9,"{""c"":""transit_color_code"",""d"":3,""noise"":""uniform"",""p"":0.0001,""q"":8,""r"":1}","{""detection_events"":59493}"
  35703087,        30,         0,    1.00,chromobius,1100d69938dc2b6cc1758f83397c3962422aa8420e0ee3cf090e27b76375b306,"{""c"":""transit_color_code"",""d"":3,""noise"":""uniform"",""p"":0.0002,""q"":8,""r"":1}","{""detection_events"":113859}"
  34081765,        47,         0,    1.00,chromobius,10b83aeeca1ceefc3ec80b66167d09982e4df66ae59876bc9d0d67972980939e,"{""c"":""transit_color_code"",""d"":3,""noise"":""uniform"",""p"":0.0003,""q"":8,""r"":1}","{""detection_events"":163423}"
  31069566,       102,         0,    1.00,chromobius,e4165dc6ff4fd76ecdf0a01d2ab0edbbd74a53be44d3e3605186e03fde98749a,"{""c"":""transit_color_code"",""d"":3,""noise"":""uniform"",""p"":0.0005,""q"":8,""r"":1}","{""detection_events"":246969}"
  29125514,       236,         0,    1.00,chromobius,4ef4d26627d96a1f0c3635d88586bfaf6b40b6b110a1b9723b4aa85160acea4a,"{""c"":""transit_color_code"",""d"":3,""noise"":""uniform"",""p"":0.0007,""q"":8,""r"":1}","{""detection_events"":323859}"
  26585826,       421,         0,    1.00,chromobius,9f2b617ba16bc2e1e0b713ca5131833df5862ab043e4d5c2c33a859d0e59972c,"{""c"":""transit_color_code"",""d"":3,""noise"":""uniform"",""p"":0.001,""q"":8,""r"":1}","{""detection_events"":426283}"
  20227496,      1342,         0,    1.00,chromobius,149fd4fc080266e90d7565ce95cf74944f0f50f97a807bb747e5911023eede3a,"{""c"":""transit_color_code"",""d"":3,""noise"":""uniform"",""p"":0.002,""q"":8,""r"":1}","{""detection_events"":646930}"
  16485016,      2444,         0,    1.00,chromobius,aea1289e949b6f00a4ef2f1cde69708855e750bd565aa771f837ba3445608f77,"{""c"":""transit_color_code"",""d"":3,""noise"":""uniform"",""p"":0.003,""q"":8,""r"":1}","{""detection_events"":788470}"
  11858223,      4699,         0,    1.00,chromobius,b9b0177948aa53cf45aba6533d78200efb65392cbc9d7eb70c6ca57834701363,"{""c"":""transit_color_code"",""d"":3,""noise"":""uniform"",""p"":0.005,""q"":8,""r"":1}","{""detection_events"":940318}"
   9414262,      7332,         0,    1.00,chromobius,eb72143ddfeb186cc1cc7a283b7f17aff59ff2bf0eb994976e852128db36ac59,"{""c"":""transit_color_code"",""d"":3,""noise"":""uniform"",""p"":0.007,""q"":8,""r"":1}","{""detection_events"":1040771}"
   7074299,     11230,         0,    1.00,chromobius,0d2c7f919c0be3fbda46f969d4945a189aa55e40598fdfe34e5384f9aaa3385d,"{""c"":""transit_color_code"",""d"":3,""noise"":""uniform"",""p"":0.01,""q"":8,""r"":1}","{""detection_events"":1108296}"
  31472904,         0,         0,    1.00,chromobius,2826f8fee2f4078741f2aa8ac89d149e5be4ab05697063d050dc066d3cd851a7,"{""c"":""transit_color_code"",""d"":5,""noise"":""uniform"",""p"":0.0001,""q"":20,""r"":1}","{""detection_events"":176792}"
  27623089,         0,         0,    1.00,chromobius,be5e594b35c751dd3f6831ed45ba362d9efc57ea2e777bf370113dc74460fb2d,"{""c"":""transit_color_code"",""d"":5,""noise"":""uniform"",""p"":0.0002,""q"":20,""r"":1}","{""detection_events"":309756}"
  24462140,         2,         0,    1.00,chromobius,604f2fb5d86b867cd22c74e2836fbd0e761e16a35adc3c1d2e74899b4efba7b6,"{""c"":""transit_color_code"",""d"":5,""noise"":""uniform"",""p"":0.0003,""q"":20,""r"":1}","{""detection_events"":409874}"
  20796818,         1,         0,    1.00,chromobius,61e46ded31250c63f16decee2feea63647f98429e56e8a9d27726bb6a2c1f0b8,"{""c"":""transit_color_code"",""d"":5,""noise"":""uniform"",""p"":0.0005,""q"":20,""r"":1}","{""detection_events"":581238}"
  17956611,         0,         0,    1.00,chromobius,68aacb434c5002eadba89b0b22ad06673ea508672300eefe7d800f6331b51e8c,"{""c"":""transit_color_code"",""d"":5,""noise"":""uniform"",""p"":0.0007,""q"":20,""r"":1}","{""detection_events"":700266}"
  14999114,         2,         0,    1.00,chromobius,aa553cbe4fdab5a6c3f935d65c2eefba73da8e7fba846a646f5486f6ae14e8c9,"{""c"":""transit_color_code"",""d"":5,""noise"":""uniform"",""p"":0.001,""q"":20,""r"":1}","{""detection_events"":837557}"
   9668522,        20,         0,    1.00,chromobius,1a71a1182e0283de55bec90ce72efef18c89a5e99409390edf9d0b8dea3fb27c,"{""c"":""transit_color_code"",""d"":5,""noise"":""uniform"",""p"":0.002,""q"":20,""r"":1}","{""detection_events"":1074665}"
   7030135,        35,         0,    1.00,chromobius,a397d82e6c4282aee2ef738982c7bde235101e6b6a34b357864171b8a219230e,"{""c"":""transit_color_code"",""d"":5,""noise"":""uniform"",""p"":0.003,""q"":20,""r"":1}","{""detection_events"":1169849}"
   4595855,       115,         0,    1.00,chromobius,1783cf358d826d56b9f58691a90cd258340b698349a9e0e196bbd314f455f7b2,"{""c"":""transit_color_code"",""d"":5,""noise"":""uniform"",""p"":0.005,""q"":20,""r"":1}","{""detection_events"":1270348}"
   3374898,       225,         0,    1.00,chromobius,9b111067337c559d37cf80f83334ee43eba86096a65205259900a64cc9a8162a,"{""c"":""transit_color_code"",""d"":5,""noise"":""uniform"",""p"":0.007,""q"":20,""r"":1}","{""detection_events"":1301456}"
   2397866,       447,         0,    1.00,chromobius,9e0f5aa551d2e22f245fb25756259186d42f13197a7d9d38f1a2c6301a18f48f,"{""c"":""transit_color_code"",""d"":5,""noise"":""uniform"",""p"":0.01,""q"":20,""r"":1}","{""detection_events"":1311436}"
  25884721,         0,         0,    1.00,chromobius,b1921dd72acbb7d1a5b8d8c96ec007c6e268f8d4a8f18dc7d26e1532cfa2aab9,"{""c"":""transit_color_code"",""d"":7,""noise"":""uniform"",""p"":0.0001,""q"":38,""r"":1}","{""detection_events"":312708}"
  20933315,         0,         0,    1.00,chromobius,38a28882d8dabda6d4e3d7d29770cedfdea18a5158e7f3eb380cf5a21406cf93,"{""c"":""transit_color_code"",""d"":7,""noise"":""uniform"",""p"":0.0002,""q"":38,""r"":1}","{""detection_events"":502971}"
  17650528,         0,         0,    1.00,chromobius,36ba15d9cfb1049e7510ee9b3d50790e6fc1d887d52ab806a82763e64f4235d2,"{""c"":""transit_color_code"",""d"":7,""noise"":""uniform"",""p"":0.0003,""q"":38,""r"":1}","{""detection_events"":634258}"
  13571927,         0,         0,    1.00,chromobius,d6fb60c61eb34ea022ba17d72e73a5a4dda64b578520f102cf0e44551d12258c,"{""c"":""transit_color_code"",""d"":7,""noise"":""uniform"",""p"":0.0005,""q"":38,""r"":1}","{""detection_events"":813377}"
  11058083,         0,         0,    1.00,chromobius,892f21eefa59ff401cf11628d1004a15b1cb43d2c5283b04f90da522843bfd9e,"{""c"":""transit_color_code"",""d"":7,""noise"":""uniform"",""p"":0.0007,""q"":38,""r"":1}","{""detection_events"":928652}"
   8718163,         0,         0,    1.00,chromobius,7c5e98e9bfeab189d93d6331109455ddc5ae9d09ee5a4726b54ff315593f309e,"{""c"":""transit_color_code"",""d"":7,""noise"":""uniform"",""p"":0.001,""q"":38,""r"":1}","{""detection_events"":1044309}"
   5145456,         2,         0,    1.00,chromobius,f588f22267366c3e13bea82b6aa377ed9105b3eb1839c1e9cadf14fb5933611a,"{""c"":""transit_color_code"",""d"":7,""noise"":""uniform"",""p"":0.002,""q"":38,""r"":1}","{""detection_events"":1226512}"
   3618430,         0,         0,    1.00,chromobius,a0de8c41d55636a91b94aa9d2ce0661a5eccf59d6172ac893e4553ebcf2e6200,"{""c"":""transit_color_code"",""d"":7,""noise"":""uniform"",""p"":0.003,""q"":38,""r"":1}","{""detection_events"":1291724}"
   2239931,        12,         0,    1.00,chromobius,627c96bfe84a58532287d29f588360b7246b51aa34d54ee81728d804132f436d,"{""c"":""transit_color_code"",""d"":7,""noise"":""uniform"",""p"":0.005,""q"":38,""r"":1}","{""detection_events"":1326555}"
   1613365,        18,         0,    1.00,chromobius,81269ecee4931f53bfa2f429230876466525be0f36cb46f5ab841edb7f3edeef,"{""c"":""transit_color_code"",""d"":7,""noise"":""uniform"",""p"":0.007,""q"":38,""r"":1}","{""detection_events"":1329023}"
   1125386,        46,         0,    1.00,chromobius,9f4cc792a8cc83b1d5f30bcc838a82754559c1a846a7f1b57412f9807f40f1fd,"{""c"":""transit_color_code"",""d"":7,""noise"":""uniform"",""p"":0.01,""q"":38,""r"":1}","{""detection_events"":1310683}"
  20778530,         0,         0,    1.00,chromobius,bb4655ded4c78bb50e40dab0a122b3d4b0fc6c00e5aa3808c3270a606d78c816,"{""c"":""transit_color_code"",""d"":9,""noise"":""uniform"",""p"":0.0001,""q"":62,""r"":1}","{""detection_events"":432104}"
  15419376,         0,         0,    1.00,chromobius,30b3d24d2963ae0eba10134c8605cac4a82b0a1584bd72913d3cd0fe485a409d,"{""c"":""transit_color_code"",""d"":9,""noise"":""uniform"",""p"":0.0002,""q"":62,""r"":1}","{""detection_events"":642953}"
  12475283,         0,         0,    1.00,chromobius,0d8b68e505077b4757f408030fed1b59901c7d2843f17a3837d2924decb00cad,"{""c"":""transit_color_code"",""d"":9,""noise"":""uniform"",""p"":0.0003,""q"":62,""r"":1}","{""detection_events"":778082}"
   9037024,         0,         0,    1.00,chromobius,4f3e168a8b1e714781e7a6a3fa000b3cd926c8a8048c880270d1a1fbdab4fb4e,"{""c"":""transit_color_code"",""d"":9,""noise"":""uniform"",""p"":0.0005,""q"":62,""r"":1}","{""detection_events"":938676}"
   7126265,         0,         0,    1.00,chromobius,5e9bbc8b94eac5e565a9b14ff8f36051daedfd7bd381dbb19834c0e2725d4d00,"{""c"":""transit_color_code"",""d"":9,""noise"":""uniform"",""p"":0.0007,""q"":62,""r"":1}","{""detection_events"":1036348}"
   5390552,         0,         0,    1.00,chromobius,6fb8746d33a9be5e098eeb768f4c885f93a57dfdb9ccc5cc56035b7a90c67ce4,"{""c"":""transit_color_code"",""d"":9,""noise"":""uniform"",""p"":0.001,""q"":62,""r"":1}","{""detection_events"":1117114}"
   3029049,         0,         0,    1.00,chromobius,77aebadf067cf574601adb21a3398cc3b755e9badb2dd7d443a220524f15e299,"{""c"":""transit_color_code"",""d"":9,""noise"":""uniform"",""p"":0.002,""q"":62,""r"":1}","{""detection_events"":1250423}"
   2084388,         0,         0,    1.00,chromobius,49866e82faa9d45ccf044e662ebbca2d17206f27f0cc64f8fafa349e0d26fd18,"{""c"":""transit_color_code"",""d"":9,""noise"":""uniform"",""p"":0.003,""q"":62,""r"":1}","{""detection_events"":1282828}"
   1276996,         0,         0,    1.00,chromobius,4c7e8beb38e2471d1c024e138e26b01a6ae4a5d40c51f7c0d2a0a5d0c0368296,"{""c"":""transit_color_code"",""d"":9,""noise"":""uniform"",""p"":0.005,""q"":62,""r"":1}","{""detection_events"":1307005}"
    913381,         2,         0,    1.00,chromobius,aeb18c03b23e59de8ea6def6c6d8948d654a4f36214efb7b051d90e68e38f2a2,"{""c"":""transit_color_code"",""d"":9,""noise"":""uniform"",""p"":0.007,""q"":62,""r"":1}","{""detection_events"":1298115}"
    630784,         0,         0,    1.00,chromobius,5c6884e3401b3779bc85bceb4145e108b74f5bca2a8fe6d28c2a02973bc180d6,"{""c"":""transit_color_code"",""d"":9,""noise"":""uniform"",""p"":0.01,""q"":62,""r"":1}","{""detection_events"":1272620}"
  16503037,         0,         0,    1.00,chromobius,da8c9587a64fa7510b1d4adf38337915b00f52458fcdf233ee3f7614fad52cc4,"{""c"":""transit_color_code"",""d"":11,""noise"":""uniform"",""p"":0.0001,""q"":92,""r"":1}","{""detection_events"":528020}"
  11748384,         0,         0,    1.00,chromobius,dd840850cb9a9810784b956ec1139e1aa1451a003e735c9b7685a8f1e349fd06,"{""c"":""transit_color_code"",""d"":11,""noise"":""uniform"",""p"":0.0002,""q"":92,""r"":1}","{""detection_events"":752403}"
   9090214,         0,         0,    1.00,chromobius,d176f4f11bcf294f0cbc8215be3a3653864c747c8d59e573607cffdac926248c,"{""c"":""transit_color_code"",""d"":11,""noise"":""uniform"",""p"":0.0003,""q"":92,""r"":1}","{""detection_events"":866540}"
   6315820,         0,         0,    1.00,chromobius,5269b6e05236a6583969b510f4dec732956a40750380345edba627d927734743,"{""c"":""transit_color_code"",""d"":11,""noise"":""uniform"",""p"":0.0005,""q"":92,""r"":1}","{""detection_events"":1006595}"
   4836977,         0,         0,    1.00,chromobius,37f06c1fc75ed5d28adee2a9be4e7334e35fb68e7bc95ebe595fccc11b533895,"{""c"":""transit_color_code"",""d"":11,""noise"":""uniform"",""p"":0.0007,""q"":92,""r"":1}","{""detection_events"":1080891}"
   3589626,         0,         0,    1.00,chromobius,84692a87125b0a223fe80d676f4f7e33799427ec73d1fe48613777cdc7957c52,"{""c"":""transit_color_code"",""d"":11,""noise"":""uniform"",""p"":0.001,""q"":92,""r"":1}","{""detection_events"":1147378}"
   1945072,         0,         0,    1.00,chromobius,813dc2aa8c6c5a2817a86e07a7f8a97b79338f2d969312303ad9e621ac1db5cc,"{""c"":""transit_color_code"",""d"":11,""noise"":""uniform"",""p"":0.002,""q"":92,""r"":1}","{""detection_events"":1234618}"
   1312606,         0,         0,    1.00,chromobius,857f7a1098c81a5f06b98d5b7aec6b372f52730e735917a153553dd02746bd24,"{""c"":""transit_color_code"",""d"":11,""noise"":""uniform"",""p"":0.003,""q"":92,""r"":1}","{""detection_events"":1250969}"
    799501,         0,         0,    1.00,chromobius,bf1b70fd5c2b825a9b7ac838f506d49bb050f1b9cf56b004954e249890179a5e,"{""c"":""transit_color_code"",""d"":11,""noise"":""uniform"",""p"":0.005,""q"":92,""r"":1}","{""detection_events"":1260441}"
    569619,         0,         0,    1.00,chromobius,2dfb0263e32887cda4352547820a901fe4b3b0322c7f890b40d409b018d2420e,"{""c"":""transit_color_code"",""d"":11,""noise"":""uniform"",""p"":0.007,""q"":92,""r"":1}","{""detection_events"":1250818}"
    397414,         0,         0,    1.00,chromobius,5a262ec1906f822b7abe542b9d5851068d7eac4542311f9bf3652e1de71b3b42,"{""c"":""transit_color_code"",""d"":11,""noise"":""uniform"",""p"":0.01,""q"":92,""r"":1}","{""detection_events"":1236199}"
  13287679,         0,         0,    1.00,chromobius,d7ae9c0ad4709fda8609d045688acb0292e22c9d7de68fd044584edf14391fde,"{""c"":""transit_color_code"",""d"":13,""noise"":""uniform"",""p"":0.0001,""q"":128,""r"":1}","{""detection_events"":605517}"
   8944770,         0,         0,    1.00,chromobius,760b8fda0e1907f7bfa67a064952fb68be706e1524ca14dff2bd3634aad97671,"{""c"":""transit_color_code"",""d"":13,""noise"":""uniform"",""p"":0.0002,""q"":128,""r"":1}","{""detection_events"":817427}"
   6845088,         0,         0,    1.00,chromobius,8bb67d45277a9cb577e50576ce85d2e331fb916df1e15cbabfd22d2a98fdbf34,"{""c"":""transit_color_code"",""d"":13,""noise"":""uniform"",""p"":0.0003,""q"":128,""r"":1}","{""detection_events"":935152}"
   4562944,         0,         0,    1.00,chromobius,fea01e039174688973429cf2134b9caa50796de49b5d91966423f60da337c3bb,"{""c"":""transit_color_code"",""d"":13,""noise"":""uniform"",""p"":0.0005,""q"":128,""r"":1}","{""detection_events"":1038847}"
   3455095,         0,         0,    1.00,chromobius,fe96c637d0e54eeba89e1a4ddffbb948333ef4997c6179bf893f069a14d0c6c5,"{""c"":""transit_color_code"",""d"":13,""noise"":""uniform"",""p"":0.0007,""q"":128,""r"":1}","{""detection_events"":1103340}"
   2529584,         0,         0,    1.00,chromobius,e845606d92a0b88cbb8f8ef236488911be315b35967dd192f8ec51373c795b3c,"{""c"":""transit_color_code"",""d"":13,""noise"":""uniform"",""p"":0.001,""q"":128,""r"":1}","{""detection_events"":1155883}"
   1339392,         0,         0,    1.00,chromobius,d16cab82db96681f12a1d7e7c0a60efff9eeab4646ebee5821a59e81649babda,"{""c"":""transit_color_code"",""d"":13,""noise"":""uniform"",""p"":0.002,""q"":128,""r"":1}","{""detection_events"":1212546}"
    909896,         0,         0,    1.00,chromobius,4263db45b8cb85cef20fe0c10008356e48060369268070e17a3e5877ae38038c,"{""c"":""transit_color_code"",""d"":13,""noise"":""uniform"",""p"":0.003,""q"":128,""r"":1}","{""detection_events"":1232979}"
    541921,         0,         0,    1.00,chromobius,5eb68c16485d6f8b15c5c4a2d58ed611918a600547c075f57a41074cf39f3010,"{""c"":""transit_color_code"",""d"":13,""noise"":""uniform"",""p"":0.005,""q"":128,""r"":1}","{""detection_events"":1215352}"
    393952,         0,         0,    1.00,chromobius,0c37128a20dffc05159428863d30a72df07fd9d4564a22a7951bd9c2decea286,"{""c"":""transit_color_code"",""d"":13,""noise"":""uniform"",""p"":0.007,""q"":128,""r"":1}","{""detection_events"":1226694}"
    272025,         0,         0,    1.00,chromobius,27ee77ec1ac977718a169d50cce58297a6ceb34dd2fff45ce6e96ce116b4cba6,"{""c"":""transit_color_code"",""d"":13,""noise"":""uniform"",""p"":0.01,""q"":128,""r"":1}","{""detection_events"":1203376}"
